symbol,instrument_token,exchange,lot_size,tick_size,is_fno,sector
20MICRONS,4331777,NSE,1,0.01,false,
21STCENMGM,1025,NSE,1,0.01,false,
360ONE,3343617,NSE,1,0.05,true,
3IINFOLTD,1595393,NSE,1,0.01,false,
3MINDIA,121345,NSE,1,5.0,false,
3PLAND,664321,NSE,1,0.01,false,
5PAISA,113921,NSE,1,0.01,false,
63MOONS,3038209,NSE,1,0.05,false,
A2ZINFRA,0,NSE,1,0.05,false,
AAATECH,3208449,NSE,1,0.01,false,
AADHARHFC,6074625,NSE,1,0.05,false,
AAKASH,0,NSE,1,0.05,false,
AAREYDRUGS,1342721,NSE,1,0.01,false,
AARNAV,195026177,NSE,1,0.01,false,
AARON,263681,NSE,1,0.01,false,
AARTECH,4389121,NSE,1,0.01,false,
AARTIDRUGS,1147137,NSE,1,0.05,false,
AARTIIND,1793,NSE,1,0.05,false,
AARTIPHARM,3550209,NSE,1,0.05,false,
AARTISURF,4923649,NSE,1,0.05,false,
AARVI,4882689,NSE,1,0.01,false,
AAVAS,1378561,NSE,1,0.1,false,
ABB,3329,NSE,1,0.5,true,
ABBOTINDIA,4583169,NSE,1,5.0,false,PHARMA
ABCAPITAL,5533185,NSE,1,0.05,true,
ABCOTS,194337281,NSE,1,0.05,false,
ABDL,6222849,NSE,1,0.05,false,
ABFRL,7707649,NSE,1,0.01,false,
ABINFRA,6917121,NSE,1,0.01,false,
ABLBL,193751809,NSE,1,0.01,false,
ABMINTLLTD,0,NSE,1,0.05,false,
ABREL,160001,NSE,1,0.1,false,
ABSLAMC,1540609,NSE,1,0.05,false,
ACC,5633,NSE,1,0.1,false,
ACCELYA,1805569,NSE,1,0.1,false,
ACCURACY,0,NSE,1,0.05,false,
ACE,3478273,NSE,1,0.05,false,
ACEINTEG,3015425,NSE,1,0.01,false,
ACI,3078145,NSE,1,0.05,false,
ACL,3947521,NSE,1,0.01,false,
ACMESOLAR,6927617,NSE,1,0.05,false,
ACUTAAS,1427969,NSE,1,0.1,false,
ADANIENSOL,2615553,NSE,1,0.05,true,
ADANIENT,6401,NSE,1,0.1,true,METAL
ADANIGREEN,912129,NSE,1,0.05,true,
ADANIPORTS,3861249,NSE,1,0.1,true,
ADANIPOWER,4451329,NSE,1,0.01,false,
ADFFOODS,5058817,NSE,1,0.01,false,
ADL,62721,NSE,1,0.01,false,
ADOR,8705,NSE,1,0.05,false,
ADROITINFO,1267969,NSE,1,0.01,false,
ADSL,3792129,NSE,1,0.01,false,
ADVAIT,194728193,NSE,1,0.1,false,
ADVANCE,194406913,NSE,1,0.01,false,
ADVANIHOTR,3774721,NSE,1,0.01,false,
ADVENTHTL,194500865,NSE,1,0.01,false,
ADVENZYMES,4617985,NSE,1,0.05,false,
AEGISLOG,10241,NSE,1,0.05,false,OIL_GAS
AEGISVOPAK,193878017,NSE,1,0.01,false,
AEPL,0,NSE,1,0.05,false,
AEQUS,194619905,NSE,1,0.01,false,
AEROENTER,3075841,NSE,1,0.01,false,
AEROFLEX,4676609,NSE,1,0.01,false,
AERONEU,3504385,NSE,1,0.01,false,
AETHER,2511361,NSE,1,0.1,false,
AFCONS,6650113,NSE,1,0.05,false,
AFFLE,2903809,NSE,1,0.1,false,
AFFORDABLE,0,NSE,1,0.05,false,
AFIL,0,NSE,1,0.05,false,
AFSL,3401729,NSE,1,0.01,false,
AGARIND,867585,NSE,1,0.05,false,
AGARWALEYE,7539713,NSE,1,0.05,false,
AGI,361473,NSE,1,0.05,false,
AGIIL,6257921,NSE,1,0.05,false,
AGRITECH,2834433,NSE,1,0.01,false,
AGROPHOS,2315777,NSE,1,0.01,false,
AHCL,194295809,NSE,1,0.01,false,
AHLADA,513025,NSE,1,0.01,false,
AHLEAST,4976129,NSE,1,0.01,false,
AHLUCONT,4565249,NSE,1,0.05,false,
AHLWEST,4957697,NSE,1,0.01,false,
AIAENG,3350017,NSE,1,0.1,false,
AIIL,6029569,NSE,1,0.05,false,
AIRAN,2533633,NSE,1,0.01,false,
AIROLAM,1553409,NSE,1,0.01,false,
AJANTPHARM,2079745,NSE,1,0.1,false,PHARMA
AJAXENGG,7583745,NSE,1,0.05,false,
AJMERA,4430593,NSE,1,0.01,false,
AJOONI,871169,NSE,1,0.01,false,
AKASH,3458561,NSE,1,0.01,false,
AKG,557057,NSE,1,0.01,false,
AKI,3811841,NSE,1,0.01,false,
AKSHAR,2446849,NSE,1,0.01,false,
AKSHARCHEM,5165569,NSE,1,0.01,false,
AKSHOPTFBR,0,NSE,1,0.05,false,
AKUMS,6327041,NSE,1,0.05,false,
ALANKIT,2539777,NSE,1,0.01,false,
ALBERTDAVD,4417537,NSE,1,0.05,false,
ALEMBICLTD,20225,NSE,1,0.01,false,
ALGOQUANT,194885121,NSE,1,0.01,false,
ALICON,3495937,NSE,1,0.05,false,
ALIVUS,1347841,NSE,1,0.05,false,
ALKALI,4341505,NSE,1,0.01,false,
ALKEM,2995969,NSE,1,0.5,true,PHARMA
ALKYLAMINE,1148673,NSE,1,0.1,false,
ALLCARGO,3456257,NSE,1,0.01,false,
ALLDIGI,3020289,NSE,1,0.05,false,
ALLTIME,194162689,NSE,1,0.01,false,
ALMONDZ,4280065,NSE,1,0.01,false,
ALOKINDS,4524801,NSE,1,0.01,false,
ALPA,3801089,NSE,1,0.01,false,
ALPHAGEO,3736833,NSE,1,0.01,false,
AMAGI,194749441,NSE,1,0.05,false,
AMANTA,194280705,NSE,1,0.01,false,
AMBER,303361,NSE,1,0.5,true,
AMBICAAGAR,2942977,NSE,1,0.01,false,
AMBIKCO,3899905,NSE,1,0.1,false,
AMBUJACEM,325121,NSE,1,0.05,true,
AMDIND,3685889,NSE,1,0.01,false,
AMIRCHAND,194987521,NSE,1,0.01,false,
AMJLAND,665089,NSE,1,0.01,false,
AMNPLST,5085953,NSE,1,0.01,false,
AMRUTANJAN,4492033,NSE,1,0.05,false,
ANANDRATHI,1829121,NSE,1,0.1,false,
ANANTRAJ,3486721,NSE,1,0.05,false,REALTY
ANDHRAPAP,42497,NSE,1,0.01,false,
ANDHRSUGAR,34817,NSE,1,0.01,false,
ANGELONE,82945,NSE,1,0.01,true,
ANIKINDS,0,NSE,1,0.05,false,
ANMOL,954113,NSE,1,0.01,false,
ANTELOPUS,3481089,NSE,1,0.05,false,
ANTGRAPHIC,1329665,NSE,1,0.01,false,
ANTHEM,194018561,NSE,1,0.05,false,
ANUHPHR,7248385,NSE,1,0.01,false,
ANUP,2307585,NSE,1,0.1,false,
ANURAS,724225,NSE,1,0.1,false,
APARINDS,2941697,NSE,1,0.5,false,
APCL,5235969,NSE,1,0.01,false,
APCOTEXIND,39425,NSE,1,0.05,false,
APEX,5535489,NSE,1,0.05,false,
APLAPOLLO,6599681,NSE,1,0.1,true,METAL
APLLTD,6483969,NSE,1,0.05,false,
APOLLO,290305,NSE,1,0.01,false,
APOLLOHOSP,40193,NSE,1,0.5,true,HEALTHCARE
APOLLOPIPE,3676417,NSE,1,0.05,false,
APOLLOTYRE,41729,NSE,1,0.05,false,
APOLSINHOT,1613313,NSE,1,0.05,false,
APTECHT,2753281,NSE,1,0.01,false,
APTUS,1391361,NSE,1,0.01,false,
AQYLON,5981441,NSE,1,0.01,false,
ARCHIDPLY,4299521,NSE,1,0.01,false,
ARCHIES,1456129,NSE,1,0.01,false,
ARE&M,25601,NSE,1,0.05,false,
ARENTERP,46337,NSE,1,0.01,false,
ARFIN,194227201,NSE,1,0.01,false,
ARIES,3892225,NSE,1,0.05,false,
ARIHANTCAP,976129,NSE,1,0.01,false,
ARIHANTSUP,5160705,NSE,1,0.01,false,
ARIS,193949185,NSE,1,0.01,false,
ARKADE,6501889,NSE,1,0.01,false,
ARMANFIN,4419329,NSE,1,0.1,false,
AROGRANITE,3726593,NSE,1,0.01,false,
ARROWGREEN,2370561,NSE,1,0.05,false,
ARSSBL,194548737,NSE,1,0.05,false,
ARTEMISMED,4329729,NSE,1,0.01,false,
ARTNIRMAN,0,NSE,1,0.05,false,
ARVEE,720385,NSE,1,0.01,false,
ARVIND,49409,NSE,1,0.05,false,
ARVINDFASN,2332417,NSE,1,0.05,false,
ARVSMART,2676993,NSE,1,0.05,false,
ASAHIINDIA,1376769,NSE,1,0.05,false,
ASAHISONG,6422529,NSE,1,0.01,false,
ASAL,2722305,NSE,1,0.05,false,
ASALCBR,4505089,NSE,1,0.05,false,
ASHAPURMIN,51969,NSE,1,0.05,false,
ASHIANA,6247169,NSE,1,0.05,false,
ASHIMASYN,52737,NSE,1,0.01,false,
ASHOKA,5166593,NSE,1,0.01,false,
ASHOKAMET,4337409,NSE,1,0.01,false,
ASHOKLEY,54273,NSE,1,0.01,true,AUTO
ASIANENE,1799681,NSE,1,0.01,false,
ASIANHOTNR,4716033,NSE,1,0.05,false,
ASIANPAINT,60417,NSE,1,0.1,true,
ASIANTILES,3811585,NSE,1,0.01,false,
ASKAUTOLTD,5158913,NSE,1,0.05,false,
ASMS,3600385,NSE,1,0.01,false,
ASPINWALL,4421121,NSE,1,0.01,false,
ASTEC,4538369,NSE,1,0.05,false,
ASTERDM,386049,NSE,1,0.05,false,
ASTRAL,3691009,NSE,1,0.1,true,
ASTRAMICRO,2974209,NSE,1,0.05,false,
ASTRAZEN,1436161,NSE,1,0.5,false,
ASTRON,0,NSE,1,0.05,false,
ATALREAL,4006145,NSE,1,0.01,false,
ATAM,3943425,NSE,1,0.01,false,
ATGL,1552897,NSE,1,0.05,false,OIL_GAS
ATHERENERG,193957121,NSE,1,0.05,false,
ATL,4551169,NSE,1,0.01,false,
ATLANTAA,3477761,NSE,1,0.01,false,
ATLANTAELE,194305793,NSE,1,0.1,false,
ATLASCYCLE,1169409,NSE,1,0.01,false,
ATUL,67329,NSE,1,0.5,false,
ATULAUTO,7685889,NSE,1,0.05,false,
AUBANK,5436929,NSE,1,0.05,true,BANK
AURIGROW,411393,NSE,1,0.01,false,
AURIONPRO,3077633,NSE,1,0.05,false,
AUROPHARMA,70401,NSE,1,0.1,true,PHARMA
AURUM,2639361,NSE,1,0.01,false,
AUSOMENT,0,NSE,1,0.05,false,
AUTOAXLES,71169,NSE,1,0.1,false,
AUTOIND,3611137,NSE,1,0.01,false,
AVADHSUGAR,5479937,NSE,1,0.05,false,
AVALON,3854849,NSE,1,0.05,false,
AVANTEL,6300161,NSE,1,0.01,false,
AVANTIFEED,2031617,NSE,1,0.1,false,
AVG,3990785,NSE,1,0.01,false,
AVL,6651905,NSE,1,0.05,false,
AVONMORE,3470593,NSE,1,0.01,false,
AVROIND,2259713,NSE,1,0.01,false,
AVTNPL,3586049,NSE,1,0.01,false,
AWFIS,6109185,NSE,1,0.01,false,
AWHCL,460033,NSE,1,0.05,false,
AWL,2076161,NSE,1,0.01,false,
AXISBANK,1510401,NSE,1,0.1,true,PRIVATE_BANK
AXISCADES,2415617,NSE,1,0.1,false,
AXITA,2534913,NSE,1,0.01,false,
AYE,194811137,NSE,1,0.01,false,
AYMSYNTEX,2632961,NSE,1,0.01,false,
AZAD,5351681,NSE,1,0.1,false,
BAFNAPH,0,NSE,1,0.05,false,
BAGFILMS,2873857,NSE,1,0.01,false,
BAIDFIN,3531265,NSE,1,0.01,false,
BAJAJ-AUTO,4267265,NSE,1,0.5,true,AUTO
BAJAJCON,4999937,NSE,1,0.05,false,
BAJAJELEC,3848705,NSE,1,0.05,false,
BAJAJFINSV,4268801,NSE,1,0.1,true,FIN_SERVICES
BAJAJHCARE,1756929,NSE,1,0.05,false,
BAJAJHFL,6469121,NSE,1,0.01,false,
BAJAJHIND,78849,NSE,1,0.01,false,
BAJAJHLDNG,78081,NSE,1,0.5,true,
BAJAJINDEF,7597569,NSE,1,0.01,false,
BAJEL,5255937,NSE,1,0.01,false,
BAJFINANCE,81153,NSE,1,0.05,true,FIN_SERVICES
BALAJEE,6451969,NSE,1,0.01,false,
BALAJITELE,2344449,NSE,1,0.01,false,
BALAMINES,3712257,NSE,1,0.05,false,
BALAXI,2895105,NSE,1,0.01,false,
BALKRISHNA,2606337,NSE,1,0.01,false,
BALKRISIND,85761,NSE,1,0.1,false,
BALMLAWRIE,86529,NSE,1,0.01,false,
BALPHARMA,3440897,NSE,1,0.01,false,
BALRAMCHIN,87297,NSE,1,0.05,false,
BALUFORGE,6043393,NSE,1,0.05,false,
BANARBEADS,88833,NSE,1,0.01,false,
BANARISUG,89601,NSE,1,0.1,false,
BANCOINDIA,3553281,NSE,1,0.05,false,
BANDHANBNK,579329,NSE,1,0.01,true,PRIVATE_BANK
BANG,3917569,NSE,1,0.01,false,
BANKA,0,NSE,1,0.05,false,
BANKBARODA,1195009,NSE,1,0.01,true,PSU_BANK
BANKINDIA,1214721,NSE,1,0.01,true,PSU_BANK
BANSALWIRE,6242817,NSE,1,0.01,false,
BANSWRAS,3714817,NSE,1,0.01,false,
BASF,94209,NSE,1,0.1,false,
BASML,3080705,NSE,1,0.01,false,
BATAINDIA,94977,NSE,1,0.05,false,
BAYERCROP,4589313,NSE,1,0.1,false,
BBL,3522817,NSE,1,0.1,false,
BBOX,879361,NSE,1,0.05,false,
BBTC,97281,NSE,1,0.1,false,
BBTCL,3111169,NSE,1,0.01,false,
BCG,0,NSE,1,0.05,false,
BCLIND,643329,NSE,1,0.01,false,
BCONCEPTS,1991681,NSE,1,0.01,false,
BCPL,194942465,NSE,1,0.01,false,
BDL,548865,NSE,1,0.1,true,
BEARDSELL,4590849,NSE,1,0.01,false,
BECTORFOOD,416769,NSE,1,0.01,false,
BEDMUTHA,0,NSE,1,0.05,false,
BEL,98049,NSE,1,0.05,true,
BELLACASA,194032129,NSE,1,0.01,false,
BELRISE,193818113,NSE,1,0.01,false,
BEML,101121,NSE,1,0.1,false,
BEPL,107265,NSE,1,0.01,false,
BERGEPAINT,103425,NSE,1,0.05,false,
BESTAGRO,0,NSE,1,0.05,false,
BETA,194519553,NSE,1,0.1,false,
BFINVEST,5404929,NSE,1,0.05,false,
BGRENERGY,0,NSE,1,0.05,false,
BHAGCHEM,1577985,NSE,1,0.01,false,
BHAGERIA,3430401,NSE,1,0.01,false,
BHAGYANGR,5318657,NSE,1,0.01,false,
BHANDARI,5006337,NSE,1,0.01,false,
BHARATCOAL,194745857,NSE,1,0.01,false,
BHARATFORG,108033,NSE,1,0.1,true,AUTO
BHARATGEAR,109057,NSE,1,0.01,false,
BHARATRAS,981505,NSE,1,0.1,false,
BHARATSE,7742465,NSE,1,0.01,false,
BHARATWIRE,4127489,NSE,1,0.01,false,
BHARTIARTL,2714625,NSE,1,0.1,true,
BHARTIHEXA,6013185,NSE,1,0.1,false,
BHEL,112129,NSE,1,0.01,true,
BIGBLOC,4718337,NSE,1,0.01,false,
BIKAJI,3063297,NSE,1,0.05,false,
BIL,2009089,NSE,1,0.05,false,
BIOCON,2911489,NSE,1,0.05,true,PHARMA
BIOFILCHEM,1058817,NSE,1,0.01,false,
BIRLACABLE,122113,NSE,1,0.01,false,
BIRLACORPN,122881,NSE,1,0.05,false,
BIRLAMONEY,3901185,NSE,1,0.01,false,
BIRLANU,372481,NSE,1,0.1,false,
BLACKBUCK,6948865,NSE,1,0.05,false,
BLAL,3857153,NSE,1,0.01,false,
BLBLIMITED,0,NSE,1,0.05,false,
BLISSGVS,4931841,NSE,1,0.01,false,
BLKASHYAP,3402241,NSE,1,0.01,false,
BLS,4423425,NSE,1,0.01,false,
BLSE,5776897,NSE,1,0.01,false,
BLUECHIP,0,NSE,1,0.05,false,
BLUECOAST,1914881,NSE,1,0.01,false,
BLUEDART,126721,NSE,1,0.1,false,
BLUEJET,5039617,NSE,1,0.05,false,
BLUESTARCO,2127617,NSE,1,0.1,true,
BLUESTONE,194378497,NSE,1,0.05,false,
BLUSPRING,193925121,NSE,1,0.01,false,
BMWVENTLTD,194369537,NSE,1,0.01,false,
BODALCHEM,6404353,NSE,1,0.01,false,
BOHRAIND,0,NSE,1,0.05,false,
BOMDYEING,131329,NSE,1,0.01,false,
BONLON,194830337,NSE,1,0.01,false,
BORANA,0,NSE,1,0.05,false,
BOROLTD,4966657,NSE,1,0.01,false,
BORORENEW,806145,NSE,1,0.05,false,
BOROSCI,6147585,NSE,1,0.01,false,
BOSCH-HCIL,1149697,NSE,1,0.1,false,
BOSCHLTD,558337,NSE,1,5.0,true,AUTO
BPCL,134657,NSE,1,0.05,true,OIL_GAS
BPL,135681,NSE,1,0.01,false,
BRIGADE,3887105,NSE,1,0.05,false,REALTY
BRIGHOTEL,193995265,NSE,1,0.01,false,
BRITANNIA,140033,NSE,1,0.5,true,FMCG
BRNL,5550849,NSE,1,0.01,false,
BROOKS,0,NSE,1,0.05,false,
BSE,5013761,NSE,1,0.1,true,FIN_SERVICES
BSHSL,207105,NSE,1,0.01,false,
BSL,143105,NSE,1,0.01,false,
BSOFT,1790465,NSE,1,0.05,false,
BTML,3622401,NSE,1,0.01,false,
BUILDPRO,194712065,NSE,1,0.05,false,
BUTTERFLY,695297,NSE,1,0.05,false,
BVCL,3858689,NSE,1,0.01,false,
BYKE,0,NSE,1,0.05,false,
CALSOFT,2135297,NSE,1,0.01,false,
CAMLINFINE,1591297,NSE,1,0.01,false,
CAMPUS,2396673,NSE,1,0.01,false,
CAMS,87553,NSE,1,0.05,true,
CANBK,2763265,NSE,1,0.01,true,PSU_BANK
CANFINHOME,149249,NSE,1,0.05,false,
CANHLIFE,194426113,NSE,1,0.01,false,
CANTABIL,5160961,NSE,1,0.01,false,
CAPACITE,5567745,NSE,1,0.01,false,
CAPILLARY,194525953,NSE,1,0.05,false,
CAPITALSFB,5804801,NSE,1,0.01,false,
CAPLIPOINT,999937,NSE,1,0.1,false,
CAPTRUST,0,NSE,1,0.05,false,
CARBORUNIV,152321,NSE,1,0.05,false,
CARERATING,7452929,NSE,1,0.1,false,
CARRARO,7393025,NSE,1,0.05,false,
CARTRADE,1384193,NSE,1,0.1,false,
CARYSIL,481025,NSE,1,0.05,false,
CASTROLIND,320001,NSE,1,0.01,false,OIL_GAS
CCAVENUE,4159745,NSE,1,0.01,false,
CCCL,3837953,NSE,1,0.01,false,
CCHHL,1634561,NSE,1,0.01,false,
CCL,2931713,NSE,1,0.1,false,
CDSL,5420545,NSE,1,0.1,true,
CEATLTD,3905025,NSE,1,0.1,false,
CEIGALL,6333953,NSE,1,0.05,false,
CEINSYS,194825473,NSE,1,0.05,false,
CELEBRITY,3369473,NSE,1,0.01,false,
CELLO,5067521,NSE,1,0.05,false,
CEMPRO,1439233,NSE,1,0.05,false,
CENTENKA,158465,NSE,1,0.05,false,
CENTEXT,2946817,NSE,1,0.01,false,
CENTRALBK,3812865,NSE,1,0.01,false,PSU_BANK
CENTRUM,628225,NSE,1,0.01,false,
CENTUM,3835393,NSE,1,0.1,false,
CENTURYPLY,3406081,NSE,1,0.05,false,
CERA,3849985,NSE,1,0.1,false,
CESC,160769,NSE,1,0.01,false,
CEWATER,7363585,NSE,1,0.05,false,
CGCL,5204225,NSE,1,0.01,false,
CGPOWER,194561,NSE,1,0.05,true,
CHALET,2187777,NSE,1,0.05,false,
CHAMBLFERT,163073,NSE,1,0.05,false,
CHEMBOND,3742209,NSE,1,0.01,false,
CHEMBONDCH,194045185,NSE,1,0.01,false,
CHEMCON,69121,NSE,1,0.01,false,
CHEMFAB,716545,NSE,1,0.05,false,
CHEMPLASTS,1394945,NSE,1,0.05,false,
CHENNPETRO,524545,NSE,1,0.05,false,
CHEVIOT,2529025,NSE,1,0.05,false,
CHOICEIN,2269697,NSE,1,0.05,false,
CHOLAFIN,175361,NSE,1,0.1,true,FIN_SERVICES
CHOLAHLDNG,5565441,NSE,1,0.1,false,
CIEINDIA,3823873,NSE,1,0.05,false,
CIFL,193539841,NSE,1,0.01,false,
CIGNITITEC,1316353,NSE,1,0.1,false,
CINELINE,6953217,NSE,1,0.01,false,
CINEVISTA,2054145,NSE,1,0.01,false,
CIPLA,177665,NSE,1,0.1,true,PHARMA
CLEAN,1292545,NSE,1,0.05,false,
CLEANMAX,194606849,NSE,1,0.05,false,
CLEDUCATE,0,NSE,1,0.05,false,
CLSEL,891393,NSE,1,0.01,false,
CMPDI,194964737,NSE,1,0.01,false,
CMSINFO,1946369,NSE,1,0.05,false,
CNL,2855681,NSE,1,0.05,false,
COALINDIA,5215745,NSE,1,0.05,true,
COASTCORP,1537537,NSE,1,0.01,false,
COCHINSHIP,5506049,NSE,1,0.1,false,
COFFEEDAY,2858241,NSE,1,0.01,false,
COFORGE,2955009,NSE,1,0.1,true,IT
COHANCE,4593921,NSE,1,0.05,false,
COLPAL,3876097,NSE,1,0.1,true,FMCG
COMPUSOFT,7971329,NSE,1,0.01,false,
COMSYN,5523969,NSE,1,0.01,false,
CONCOR,1215745,NSE,1,0.05,true,
CONCORDBIO,4623361,NSE,1,0.1,false,
CONFIPET,2620929,NSE,1,0.01,false,
CONSOFINVT,0,NSE,1,0.05,false,
CONTROLPR,4474113,NSE,1,0.05,false,
CORALFINAC,1025793,NSE,1,0.01,false,
CORDSCABLE,3909377,NSE,1,0.01,false,
COROMANDEL,189185,NSE,1,0.1,false,
CORONA,194625025,NSE,1,0.1,false,
COSMOFIRST,189953,NSE,1,0.05,false,
COUNCODOS,4348417,NSE,1,0.01,false,
CPCAP,5142017,NSE,1,0.01,false,
CPEDU,194288897,NSE,1,0.01,false,
CPPLUS,194267649,NSE,1,0.1,false,
CRAFTSMAN,730625,NSE,1,0.5,false,
CRAMC,194383617,NSE,1,0.01,false,
CREATIVEYE,2402305,NSE,1,0.01,false,
CREDITACC,1131777,NSE,1,0.1,false,
CREST,3558401,NSE,1,0.05,false,
CRISIL,193793,NSE,1,0.1,false,
CRIZAC,194009601,NSE,1,0.01,false,
CROMPTON,4376065,NSE,1,0.01,true,
CROWN,2069249,NSE,1,0.01,false,
CSBBANK,3831297,NSE,1,0.05,false,
CSLFINANCE,2649601,NSE,1,0.01,false,
CTE,0,NSE,1,0.05,false,
CUB,1459457,NSE,1,0.01,false,
CUBEXTUB,1040385,NSE,1,0.01,false,
CUMMINSIND,486657,NSE,1,0.1,true,
CUPID,4741121,NSE,1,0.01,false,
CURAA,0,NSE,1,0.05,false,
CYBERMEDIA,3031553,NSE,1,0.01,false,
CYBERTECH,1549057,NSE,1,0.01,false,
CYIENT,1471489,NSE,1,0.05,false,
CYIENTDLM,4399873,NSE,1,0.05,false,
DABUR,197633,NSE,1,0.05,true,FMCG
DALBHARAT,2067201,NSE,1,0.1,true,
DALMIASUG,199937,NSE,1,0.05,false,
DAMCAPITAL,7337473,NSE,1,0.01,false,
DAMODARIND,4490497,NSE,1,0.01,false,
DANGEE,284161,NSE,1,0.01,false,
DATAMATICS,2924289,NSE,1,0.05,false,
DATAPATTNS,1883649,NSE,1,0.1,false,
DAVANGERE,5579265,NSE,1,0.01,false,
DBCORP,4577537,NSE,1,0.01,false,
DBEIL,6628353,NSE,1,0.01,false,
DBL,4630017,NSE,1,0.05,false,
DBOL,0,NSE,1,0.05,false,
DBREALTY,4639745,NSE,1,0.01,false,
DBSTOCKBRO,7963393,NSE,1,0.01,false,
DCAL,5556225,NSE,1,0.01,false,
DCBBANK,3513601,NSE,1,0.01,false,
DCI,0,NSE,1,0.05,false,
DCM,206081,NSE,1,0.01,false,
DCMFINSERV,0,NSE,1,0.05,false,
DCMNVL,2825985,NSE,1,0.01,false,
DCMSHRIRAM,207617,NSE,1,0.1,false,
DCMSIL,0,NSE,1,0.05,false,
DCMSRIND,1875201,NSE,1,0.01,false,
DCW,209153,NSE,1,0.01,false,
DCXINDIA,3045121,NSE,1,0.01,false,
DDEVPLSTIK,7449089,NSE,1,0.01,false,
DECCANCE,3798529,NSE,1,0.05,false,
DEEDEV,6183425,NSE,1,0.05,false,
DEEPAKFERT,211713,NSE,1,0.05,false,
DEEPAKNTR,5105409,NSE,1,0.1,false,
DEEPINDS,842753,NSE,1,0.05,false,
DELHIVERY,2457345,NSE,1,0.05,true,
DELPHIFX,6244097,NSE,1,0.01,false,
DELTACORP,3851265,NSE,1,0.01,false,
DELTAMAGNT,310785,NSE,1,0.01,false,
DEN,4536833,NSE,1,0.01,false,
DENORA,1095425,NSE,1,0.05,false,
DENTA,7489537,NSE,1,0.01,false,
DEVIT,2085377,NSE,1,0.01,false,
DEVX,194324225,NSE,1,0.01,false,
DEVYANI,1375489,NSE,1,0.01,false,
DGCONTENT,2648577,NSE,1,0.01,false,
DHAMPURSUG,219393,NSE,1,0.01,false,
DHANBANK,2907905,NSE,1,0.01,false,
DHANUKA,6248705,NSE,1,0.05,false,
DHARMAJ,3328257,NSE,1,0.01,false,
DHRUV,1755649,NSE,1,0.01,false,
DHUNINV,5691649,NSE,1,0.05,false,
DIACABS,4747009,NSE,1,0.01,false,
DIAMINESQ,4772865,NSE,1,0.01,false,
DIAMONDYD,5591041,NSE,1,0.1,false,
DICIND,179969,NSE,1,0.05,false,
DIFFNKG,6572033,NSE,1,0.01,false,
DIGIDRIVE,5439233,NSE,1,0.01,false,
DIGISPICE,4270849,NSE,1,0.01,false,
DIGITIDE,193923841,NSE,1,0.01,false,
DIGJAMLMTD,1568513,NSE,1,0.01,false,
DISHTV,3721473,NSE,1,0.01,false,
DIVGIITTS,3706625,NSE,1,0.05,false,
DIVISLAB,2800641,NSE,1,0.5,true,PHARMA
DIXON,5552641,NSE,1,0.5,true,
DJML,0,NSE,1,0.05,false,
DLF,3771393,NSE,1,0.05,true,REALTY
DLINKINDIA,4569857,NSE,1,0.05,false,
DMART,5097729,NSE,1,0.1,true,
DMCC,1785089,NSE,1,0.01,false,
DNAMEDIA,164097,NSE,1,0.01,false,
DODLA,1234433,NSE,1,0.05,false,
DOLATALGO,3103745,NSE,1,0.01,false,
DOLLAR,5263361,NSE,1,0.01,false,
DOLPHIN,4643585,NSE,1,0.05,false,
DOMS,5261057,NSE,1,0.1,false,
DONEAR,3542785,NSE,1,0.01,false,
DPABHUSHAN,239617,NSE,1,0.05,false,
DPSCLTD,3947265,NSE,1,0.01,false,
DPWIRES,4326401,NSE,1,0.01,false,
DRCSYSTEMS,677121,NSE,1,0.01,false,
DREAMFOLKS,2779905,NSE,1,0.01,false,
DREDGECORP,2885377,NSE,1,0.05,false,
DRREDDY,225537,NSE,1,0.1,true,PHARMA
DSFCL,194788097,NSE,1,0.01,false,
DSSL,6576641,NSE,1,0.05,false,
DTIL,1594113,NSE,1,0.01,false,
DUCON,0,NSE,1,0.05,false,
DVL,3894785,NSE,1,0.01,false,
DWARKESH,2986753,NSE,1,0.01,false,
DYCL,2666753,NSE,1,0.01,false,
DYNAMATECH,1158401,NSE,1,0.5,false,
DYNPRO,5456385,NSE,1,0.01,false,
E2E,0,NSE,1,0.05,false,
EASEMYTRIP,714753,NSE,1,0.01,false,
EASTSILK,0,NSE,1,0.05,false,
EBGNG,194012673,NSE,1,0.05,false,
ECLERX,3885825,NSE,1,0.1,false,
ECOSMOBLTY,6415361,NSE,1,0.01,false,
EDELWEISS,3870465,NSE,1,0.01,false,
EFCIL,194220801,NSE,1,0.01,false,
EICHERMOT,232961,NSE,1,0.5,true,AUTO
EIDPARRY,234497,NSE,1,0.05,false,
EIEL,6966529,NSE,1,0.01,false,
EIFFL,1546241,NSE,1,0.01,false,
EIHAHOTELS,3942145,NSE,1,0.05,false,
EIHOTEL,235265,NSE,1,0.05,false,
EIMCOELECO,1034241,NSE,1,0.1,false,
EKC,3351297,NSE,1,0.01,false,
ELDEHSG,2291969,NSE,1,0.05,false,
ELECON,3492609,NSE,1,0.05,false,
ELECTCAST,237569,NSE,1,0.01,false,
ELECTHERM,1144065,NSE,1,0.05,false,
ELGIEQUIP,239873,NSE,1,0.05,false,
ELGIRUBCO,6380545,NSE,1,0.01,false,
ELIN,3436289,NSE,1,0.01,false,
ELLEN,194192129,NSE,1,0.01,false,
EMAMILTD,3460353,NSE,1,0.05,false,FMCG
EMAMIPAP,2578945,NSE,1,0.01,false,
EMAMIREAL,4934913,NSE,1,0.01,false,
EMCURE,6245889,NSE,1,0.1,false,
EMIL,2951681,NSE,1,0.01,false,
EMKAY,3435777,NSE,1,0.01,false,
EMMBI,4644353,NSE,1,0.01,false,
EMMVEE,194490369,NSE,1,0.01,false,
EMSLIMITED,4759809,NSE,1,0.05,false,
EMUDHRA,2497537,NSE,1,0.05,false,
ENDURANCE,4818433,NSE,1,0.1,false,
ENERGYDEV,3852545,NSE,1,0.01,false,
ENGINERSIN,1256193,NSE,1,0.01,false,
ENIL,3377153,NSE,1,0.01,false,
ENRIN,193758977,NSE,1,0.1,false,
ENTERO,5815553,NSE,1,0.1,false,
EPACK,5750529,NSE,1,0.01,false,
EPACKPEB,194368257,NSE,1,0.01,false,
EPIGRAL,1377793,NSE,1,0.05,false,
EPL,251137,NSE,1,0.01,false,
EQUIPPP,0,NSE,1,0.05,false,
EQUITASBNK,233729,NSE,1,0.01,false,
ERIS,5415425,NSE,1,0.1,false,
ESABINDIA,244481,NSE,1,0.1,false,
ESAFSFB,5088769,NSE,1,0.01,false,
ESCORTS,245249,NSE,1,0.1,false,
ESSARSHPNG,6562305,NSE,1,0.01,false,
ESSENTIA,7762689,NSE,1,0.01,false,
ESTER,6211841,NSE,1,0.01,false,
ETERNAL,1304833,NSE,1,0.01,true,
ETHOSLTD,2496001,NSE,1,0.1,false,
EUREKAFORB,6441473,NSE,1,0.05,false,
EUROBOND,194035969,NSE,1,0.01,false,
EUROPRATIK,194508033,NSE,1,0.01,false,
EUROTEXIND,255745,NSE,1,0.01,false,
EVEREADY,3016193,NSE,1,0.05,false,
EVERESTIND,254209,NSE,1,0.05,false,
EXCELINDUS,2936577,NSE,1,0.05,false,
EXCELSOFT,194561793,NSE,1,0.01,false,
EXICOM,5874433,NSE,1,0.01,false,
EXIDEIND,173057,NSE,1,0.05,true,AUTO
EXPLEOSOL,4476417,NSE,1,0.05,false,
EXXARO,1370113,NSE,1,0.01,false,
FABTECH,194592001,NSE,1,0.01,false,
FACT,258049,NSE,1,0.05,false,
FAIRCHEMOR,413185,NSE,1,0.05,false,
FAZE3Q,0,NSE,1,0.05,false,
FCL,1586689,NSE,1,0.01,false,
FCSSOFT,0,NSE,1,0.05,false,
FDC,1253889,NSE,1,0.05,false,
FEDERALBNK,261889,NSE,1,0.05,true,PRIVATE_BANK
FEDFINA,5202433,NSE,1,0.01,false,
FIBERWEB,0,NSE,1,0.05,false,
FIEMIND,3509761,NSE,1,0.1,false,
FILATEX,6280193,NSE,1,0.01,false,
FILATFASH,0,NSE,1,0.05,false,
FINCABLES,265729,NSE,1,0.05,false,
FINEORG,958465,NSE,1,0.1,false,
FINKURVE,194365185,NSE,1,0.01,false,
FINOPB,1684225,NSE,1,0.01,false,
FINPIPE,266497,NSE,1,0.01,false,
FIRSTCRY,6352385,NSE,1,0.01,false,
FISCHER,193960449,NSE,1,0.01,false,
FIVESTAR,3080193,NSE,1,0.05,false,
FLAIR,5215233,NSE,1,0.05,false,
FLEXITUFF,6531073,NSE,1,0.01,false,
FLUOROCHEM,3520001,NSE,1,0.1,false,
FMGOETZE,304641,NSE,1,0.05,false,
FMNL,5380353,NSE,1,0.01,false,
FOCUS,1750017,NSE,1,0.01,false,
FOODSIN,1708289,NSE,1,0.01,false,
FORCEMOT,2962689,NSE,1,1.0,false,
FORTIS,3735553,NSE,1,0.05,true,HEALTHCARE
FOSECOIND,274689,NSE,1,0.1,false,
FRACTAL,194806017,NSE,1,0.05,false,
FSL,3661825,NSE,1,0.01,false,
FUSION,3054593,NSE,1,0.01,false,
GABRIEL,277761,NSE,1,0.05,false,
GAEL,2259969,NSE,1,0.01,false,
GAIL,1207553,NSE,1,0.01,true,OIL_GAS
GALAPREC,6434305,NSE,1,0.05,false,
GALAXYSURF,336641,NSE,1,0.1,false,
GALLANTT,3414273,NSE,1,0.05,false,
GANDHAR,5197569,NSE,1,0.01,false,
GANDHITUBE,3613697,NSE,1,0.05,false,
GANECOS,1777665,NSE,1,0.05,false,
GANESHBE,1437185,NSE,1,0.01,false,
GANESHCP,194307073,NSE,1,0.01,false,
GANESHHOU,3670785,NSE,1,0.05,false,
GANGAFORGE,1268993,NSE,1,0.01,false,
GANGESSECU,5478145,NSE,1,0.01,false,
GARFIBRES,281601,NSE,1,0.05,false,
GARUDA,6604801,NSE,1,0.01,false,
GATECH,4579329,NSE,1,0.01,false,
GATECHDVR,4353,NSE,1,0.01,false,
GATEWAY,2178561,NSE,1,0.01,false,
GAUDIUMIVF,194605569,NSE,1,0.01,false,
GAYAHWS,945409,NSE,1,0.01,false,
GAYAPROJ,0,NSE,1,0.05,false,
GCSL,194300417,NSE,1,0.05,false,
GEECEE,3496449,NSE,1,0.01,false,
GEEKAYWIRE,4588033,NSE,1,0.01,false,
GEMAROMA,0,NSE,1,0.05,false,
GENCON,560129,NSE,1,0.01,false,
GENESYS,2791681,NSE,1,0.01,false,
GENUSPAPER,1689601,NSE,1,0.01,false,
GENUSPOWER,3047681,NSE,1,0.01,false,
GEOJITFSL,3045377,NSE,1,0.01,false,
GESHIP,3526657,NSE,1,0.1,false,
GFLLIMITED,329985,NSE,1,0.01,false,
GHCL,288513,NSE,1,0.05,false,
GHCLTEXTIL,4274177,NSE,1,0.01,false,
GICHSGFIN,291585,NSE,1,0.01,false,
GICL,194822401,NSE,1,0.01,false,
GICRE,70913,NSE,1,0.05,false,
GILLANDERS,4566785,NSE,1,0.01,false,
GILLETTE,403457,NSE,1,0.5,false,
GINNIFILA,292353,NSE,1,0.01,false,
GIPCL,293121,NSE,1,0.01,false,
GKENERGY,194316289,NSE,1,0.01,false,
GKSL,194866433,NSE,1,0.01,false,
GKWLIMITED,4443393,NSE,1,0.1,false,
GLAND,303617,NSE,1,0.1,false,PHARMA
GLAXO,295169,NSE,1,0.1,false,
GLENMARK,1895937,NSE,1,0.1,true,PHARMA
GLFL,295937,NSE,1,0.01,false,
GLOBAL,362241,NSE,1,0.01,false,
GLOBALE,6382593,NSE,1,0.01,false,
GLOBALVECT,3516161,NSE,1,0.01,false,
GLOBE,100609,NSE,1,0.01,false,
GLOBECIVIL,194194433,NSE,1,0.01,false,
GLOBUSSPR,4460545,NSE,1,0.05,false,
GLOSTERLTD,6039041,NSE,1,0.05,false,
GLOTTIS,194589697,NSE,1,0.01,false,
GMBREW,299009,NSE,1,0.05,false,
GMDCLTD,1332225,NSE,1,0.05,false,
GMMPFAUDLR,401921,NSE,1,0.05,false,
GMRAIRPORT,3463169,NSE,1,0.01,true,
GMRP&UI,2183425,NSE,1,0.01,false,
GNA,4754177,NSE,1,0.05,false,
GNFC,300545,NSE,1,0.05,false,
GOACARBON,3759873,NSE,1,0.05,false,
GOCLCORP,1014529,NSE,1,0.05,false,
GOCOLORS,1782785,NSE,1,0.01,false,
GODAVARIB,6640897,NSE,1,0.05,false,
GODFRYPHLP,302337,NSE,1,0.1,false,
GODIGIT,6092545,NSE,1,0.05,false,
GODREJAGRO,36865,NSE,1,0.05,false,
GODREJCP,2585345,NSE,1,0.05,true,FMCG
GODREJIND,2796801,NSE,1,0.05,false,
GODREJPROP,4576001,NSE,1,0.1,true,REALTY
GOKEX,3015169,NSE,1,0.05,false,
GOKUL,4276481,NSE,1,0.01,false,
GOKULAGRO,3706881,NSE,1,0.01,false,
GOLDIAM,3064577,NSE,1,0.05,false,
GOLDTECH,2527745,NSE,1,0.01,false,
GOODLUCK,1568001,NSE,1,0.05,false,
GOPAL,5904897,NSE,1,0.05,false,
GOYALALUM,3017473,NSE,1,0.01,false,
GPIL,3432705,NSE,1,0.05,false,
GPPL,5051137,NSE,1,0.01,false,
GPTHEALTH,5848577,NSE,1,0.01,false,
GPTINFRA,4527361,NSE,1,0.01,false,
GRANULES,3039233,NSE,1,0.05,false,
GRAPHITE,151553,NSE,1,0.05,false,
GRASIM,315393,NSE,1,0.1,true,
GRAVITA,5256705,NSE,1,0.1,false,
GREAVESCOT,316161,NSE,1,0.01,false,
GREENLAM,1753089,NSE,1,0.01,false,
GREENPANEL,3535361,NSE,1,0.01,false,
GREENPLY,1020673,NSE,1,0.01,false,
GREENPOWER,5148161,NSE,1,0.01,false,
GRINDWELL,3471361,NSE,1,0.1,false,
GRINFRA,1293825,NSE,1,0.05,false,
GRMOVER,2782977,NSE,1,0.01,false,
GROBTEA,4549121,NSE,1,0.05,false,
GROWW,194510337,NSE,1,0.01,false,
GRPLTD,1675009,NSE,1,0.1,false,
GRSE,1401601,NSE,1,0.1,false,
GRWRHITECH,2043393,NSE,1,0.1,false,
GSFC,319233,NSE,1,0.01,false,
GSLSU,3737345,NSE,1,0.01,false,
GSPCROP,195133185,NSE,1,0.05,false,
GSPL,3378433,NSE,1,0.01,false,OIL_GAS
GSS,0,NSE,1,0.05,false,
GTECJAINX,289025,NSE,1,0.01,false,
GTL,0,NSE,1,0.05,false,
GTLINFRA,3518721,NSE,1,0.01,false,
GTPL,5425921,NSE,1,0.01,false,
GUFICBIO,2971137,NSE,1,0.05,false,
GUJALKALI,324353,NSE,1,0.05,false,
GUJAPOLLO,3757313,NSE,1,0.05,false,
GUJGASLTD,2713345,NSE,1,0.05,false,OIL_GAS
GUJRAFFIA,1164289,NSE,1,0.01,false,
GUJTHEM,7611137,NSE,1,0.01,false,
GULFOILLUB,1124097,NSE,1,0.05,false,
GULFPETRO,2964737,NSE,1,0.01,false,
GULPOLY,1609217,NSE,1,0.01,false,
GVKPIL,0,NSE,1,0.05,false,
GVPIL,0,NSE,1,0.05,false,
GVPTECH,2781441,NSE,1,0.01,false,
GVT&D,4296449,NSE,1,0.1,false,
HAL,589569,NSE,1,0.1,true,
HALDER,194743041,NSE,1,0.01,false,
HALEOSLABS,5517057,NSE,1,0.1,false,
HAPPSTMNDS,12289,NSE,1,0.05,false,
HAPPYFORGE,5338625,NSE,1,0.1,false,
HARDWYN,2294273,NSE,1,0.01,false,
HARIOMPIPE,2295809,NSE,1,0.05,false,
HARRMALAYA,336129,NSE,1,0.01,false,
HARSHA,2857473,NSE,1,0.05,false,
HATHWAY,4647425,NSE,1,0.01,false,
HATSUN,996353,NSE,1,0.05,false,
HAVELLS,2513665,NSE,1,0.1,true,
HAVISHA,0,NSE,1,0.05,false,
HBLENGINE,3575297,NSE,1,0.05,false,
HBSL,1053697,NSE,1,0.01,false,
HCC,352001,NSE,1,0.01,false,
HCG,3982081,NSE,1,0.05,false,
HCL-INSYS,339713,NSE,1,0.01,false,
HCLTECH,1850625,NSE,1,0.1,true,IT
HDBFS,193989633,NSE,1,0.05,false,
HDFCAMC,1086465,NSE,1,0.1,true,
HDFCBANK,341249,NSE,1,0.05,true,PRIVATE_BANK
HDFCLIFE,119553,NSE,1,0.05,true,FIN_SERVICES
HEADSUP,4916481,NSE,1,0.01,false,
HECPROJECT,1900801,NSE,1,0.01,false,
HEG,342017,NSE,1,0.05,false,
HEIDELBERG,592897,NSE,1,0.01,false,
HEMIPROP,179457,NSE,1,0.01,false,
HERANBA,669185,NSE,1,0.01,false,
HERITGFOOD,1177089,NSE,1,0.05,false,
HEROMOTOCO,345089,NSE,1,0.5,true,AUTO
HESTERBIO,1804289,NSE,1,0.1,false,
HEXATRADEX,6914049,NSE,1,0.01,false,
HEXT,7594497,NSE,1,0.05,false,
HFCL,5619457,NSE,1,0.01,false,
HGINFRA,428033,NSE,1,0.05,false,
HGM,3479553,NSE,1,0.01,false,
HGS,3766273,NSE,1,0.05,false,
HIKAL,2475009,NSE,1,0.01,false,
HILINFRA,194330369,NSE,1,0.01,false,
HILTON,3744513,NSE,1,0.01,false,
HIMATSEIDE,348161,NSE,1,0.01,false,
HINDALCO,348929,NSE,1,0.05,true,METAL
HINDCOMPOS,351233,NSE,1,0.05,false,
HINDCON,0,NSE,1,0.05,false,
HINDCOPPER,4592385,NSE,1,0.05,false,METAL
HINDOILEXP,359169,NSE,1,0.01,false,
HINDPETRO,359937,NSE,1,0.05,true,OIL_GAS
HINDUNILVR,356865,NSE,1,0.1,true,FMCG
HINDWAREAP,4066049,NSE,1,0.01,false,
HINDZINC,364545,NSE,1,0.05,true,METAL
HIRECT,3555841,NSE,1,0.05,false,
HISARMETAL,4946433,NSE,1,0.01,false,
HITECH,734209,NSE,1,0.01,false,
HITECHCORP,3881217,NSE,1,0.01,false,
HITECHGEAR,0,NSE,1,0.05,false,
HLEGLAS,585985,NSE,1,0.05,false,
HLVLTD,370689,NSE,1,0.01,false,
HMAAGRO,4365569,NSE,1,0.01,false,
HMVL,4918017,NSE,1,0.01,false,
HNDFDS,3116289,NSE,1,0.05,false,
HOMEFIRST,526337,NSE,1,0.05,false,
HONASA,5072129,NSE,1,0.05,false,
HONAUT,874753,NSE,1,5.0,false,
HONDAPOWER,803329,NSE,1,0.1,false,
HPAL,1888257,NSE,1,0.01,false,
HPIL,3019777,NSE,1,0.01,false,
HPL,4781825,NSE,1,0.05,false,
HSCL,3669505,NSE,1,0.05,false,
HTMEDIA,3066625,NSE,1,0.01,false,
HUBTOWN,3635969,NSE,1,0.01,false,
HUDCO,5331201,NSE,1,0.01,true,
HUHTAMAKI,655873,NSE,1,0.01,false,
HYBRIDFIN,3279105,NSE,1,0.01,false,
HYUNDAI,6616065,NSE,1,0.1,false,
IBULLSLTD,6399745,NSE,1,0.01,false,
ICDSLTD,0,NSE,1,0.05,false,
ICEMAKE,125185,NSE,1,0.05,false,
ICICIAMC,194664193,NSE,1,0.1,false,
ICICIBANK,1270529,NSE,1,0.1,true,PRIVATE_BANK
ICICIGI,5573121,NSE,1,0.1,true,FIN_SERVICES
ICICIPRULI,4774913,NSE,1,0.05,true,FIN_SERVICES
ICIL,3068673,NSE,1,0.01,false,
ICRA,3717889,NSE,1,0.5,false,
IDBI,377857,NSE,1,0.01,false,
IDEA,3677697,NSE,1,0.01,true,
IDEAFORGE,4387841,NSE,1,0.05,false,
IDFCFIRSTB,2863105,NSE,1,0.01,true,PRIVATE_BANK
IEX,56321,NSE,1,0.01,true,
IFBAGRO,379393,NSE,1,0.05,false,
IFBIND,380161,NSE,1,0.05,false,
IFCI,381697,NSE,1,0.01,false,
IFGLEXPOR,111617,NSE,1,0.01,false,
IGARASHI,162305,NSE,1,0.05,false,
IGCL,193997057,NSE,1,0.01,false,
IGIL,7264769,NSE,1,0.05,false,
IGL,2883073,NSE,1,0.01,false,OIL_GAS
IGPL,3606017,NSE,1,0.05,false,
IIFL,3023105,NSE,1,0.05,false,
IIFLCAPS,3346433,NSE,1,0.01,false,
IITL,4998401,NSE,1,0.01,false,
IKIO,4306433,NSE,1,0.01,false,
IKS,7200001,NSE,1,0.1,false,
IMAGICAA,1964033,NSE,1,0.01,false,
IMFA,4924161,NSE,1,0.1,false,
IMPAL,3074305,NSE,1,0.05,false,
INA,194841345,NSE,1,0.01,false,
INCREDIBLE,4481793,NSE,1,0.01,false,
INDBANK,4334849,NSE,1,0.01,false,
INDGN,6065409,NSE,1,0.05,false,
INDHOTEL,387073,NSE,1,0.05,true,
INDIACEM,387841,NSE,1,0.05,false,
INDIAGLYCO,389377,NSE,1,0.05,false,
INDIAMART,2745857,NSE,1,0.1,false,
INDIANB,3663105,NSE,1,0.05,true,PSU_BANK
INDIANCARD,1132033,NSE,1,0.01,false,
INDIANHUME,391681,NSE,1,0.05,false,
INDIASHLTR,5262337,NSE,1,0.05,false,
INDIGO,2865921,NSE,1,0.1,true,
INDIGOPNTS,524289,NSE,1,0.05,false,
INDIQUBE,194008321,NSE,1,0.01,false,
INDNIPPON,1215233,NSE,1,0.05,false,
INDOAMIN,2333697,NSE,1,0.01,false,
INDOBORAX,2205185,NSE,1,0.01,false,
INDOCO,2989313,NSE,1,0.01,false,
INDOFARM,7430401,NSE,1,0.01,false,
INDORAMA,2814209,NSE,1,0.01,false,
INDOSTAR,790529,NSE,1,0.01,false,
INDOTECH,3398401,NSE,1,0.1,false,
INDOTHAI,6555649,NSE,1,0.05,false,
INDOUS,6528769,NSE,1,0.01,false,
INDOWIND,3827713,NSE,1,0.01,false,
INDRAMEDCO,1216257,NSE,1,0.05,false,
INDSWFTLAB,1246721,NSE,1,0.01,false,
INDTERRAIN,5620993,NSE,1,0.01,false,
INDUSINDBK,1346049,NSE,1,0.05,true,PRIVATE_BANK
INDUSTOWER,7458561,NSE,1,0.05,true,
INFOBEAN,2822913,NSE,1,0.01,false,
INFOMEDIA,3505409,NSE,1,0.01,false,
INFY,408065,NSE,1,0.1,true,IT
INGERRAND,408833,NSE,1,0.1,false,
INNOVACAP,5391873,NSE,1,0.05,false,
INNOVANA,7105025,NSE,1,0.05,false,
INNOVISION,194951169,NSE,1,0.05,false,
INOXGREEN,3120129,NSE,1,0.01,false,
INOXINDIA,5275393,NSE,1,0.1,false,
INOXWIND,2010113,NSE,1,0.01,true,
INSECTICID,3752193,NSE,1,0.05,false,
INSPIRISYS,0,NSE,1,0.05,false,
INTELLECT,1517057,NSE,1,0.05,false,
INTENTECH,5138177,NSE,1,0.01,false,
INTERARCH,6376705,NSE,1,0.1,false,
INTLCONV,1435137,NSE,1,0.01,false,
INVENTURE,6366721,NSE,1,0.01,false,
IOB,2393089,NSE,1,0.01,false,PSU_BANK
IOC,415745,NSE,1,0.01,true,OIL_GAS
IOLCP,5225729,NSE,1,0.01,false,
IONEXCHANG,417281,NSE,1,0.05,false,
IPCALAB,418049,NSE,1,0.1,false,PHARMA
IPL,1263105,NSE,1,0.01,false,
IRB,3920129,NSE,1,0.01,false,
IRCON,1276417,NSE,1,0.01,false,
IRCTC,3484417,NSE,1,0.05,false,
IREDA,5186817,NSE,1,0.01,true,
IRFC,519425,NSE,1,0.01,true,
IRIS,1661185,NSE,1,0.01,false,
IRISDOREME,582401,NSE,1,0.01,false,
IRMENERGY,5016833,NSE,1,0.01,false,
ISFT,4730625,NSE,1,0.01,false,
ISGEC,852225,NSE,1,0.05,false,
ISHANCH,7743745,NSE,1,0.01,false,
ITC,424961,NSE,1,0.05,true,FMCG
ITCHOTELS,7488257,NSE,1,0.01,false,
ITDC,4940545,NSE,1,0.05,false,
ITI,428801,NSE,1,0.01,false,
IVALUE,194314497,NSE,1,0.01,false,
IVC,1718017,NSE,1,0.01,false,
IVP,430337,NSE,1,0.01,false,
IXIGO,6161153,NSE,1,0.01,false,
IZMO,0,NSE,1,0.05,false,
J&KBANK,1442049,NSE,1,0.01,false,
JAGRAN,3382017,NSE,1,0.01,false,
JAGSNPHARM,1128961,NSE,1,0.01,false,
JAIBALAJI,2881537,NSE,1,0.01,false,
JAICORPLTD,1316609,NSE,1,0.01,false,
JAINREC,194366465,NSE,1,0.05,false,
JAIPURKURT,1412097,NSE,1,0.01,false,
JAMNAAUTO,5319169,NSE,1,0.01,false,
JARO,194547457,NSE,1,0.05,false,
JASH,3579393,NSE,1,0.05,false,
JAYAGROGN,1034497,NSE,1,0.01,false,
JAYBARMARU,437249,NSE,1,0.01,false,
JAYKAY,194578689,NSE,1,0.01,false,
JAYNECOIND,596737,NSE,1,0.01,false,
JAYSREETEA,440321,NSE,1,0.01,false,
JBCHEPHARM,441857,NSE,1,0.1,false,PHARMA
JBMA,2983681,NSE,1,0.05,false,
JETFREIGHT,1846017,NSE,1,0.01,false,
JGCHEM,5902337,NSE,1,0.05,false,
JHS,0,NSE,1,0.05,false,
JINDALPHOT,3006209,NSE,1,0.05,false,
JINDALPOLY,449537,NSE,1,0.05,false,
JINDALSAW,774145,NSE,1,0.01,false,
JINDALSTEL,1723649,NSE,1,0.1,true,METAL
JINDRILL,3552001,NSE,1,0.05,false,
JINDWORLD,5284353,NSE,1,0.01,false,
JIOFIN,4644609,NSE,1,0.01,true,FIN_SERVICES
JISLDVREQS,6575105,NSE,1,0.01,false,
JISLJALEQS,2661633,NSE,1,0.01,false,
JITFINFRA,0,NSE,1,0.05,false,
JKCEMENT,3397121,NSE,1,0.5,false,
JKIL,3908097,NSE,1,0.05,false,
JKIPL,194356481,NSE,1,0.01,false,
JKLAKSHMI,3453697,NSE,1,0.05,false,
JKPAPER,3036161,NSE,1,0.05,false,
JKTYRE,3695361,NSE,1,0.05,false,
JLHL,4749569,NSE,1,0.1,false,
JMA,1819905,NSE,1,0.01,false,
JMFINANCIL,3491073,NSE,1,0.01,false,
JNKINDIA,6046977,NSE,1,0.01,false,
JOCIL,4333313,NSE,1,0.01,false,
JPOLYINVST,8065793,NSE,1,0.1,false,
JPPOWER,3011329,NSE,1,0.01,false,
JSFB,5801729,NSE,1,0.05,false,
JSL,2876417,NSE,1,0.05,false,METAL
JSLL,194077441,NSE,1,0.05,false,
JSWCEMENT,194165761,NSE,1,0.01,false,
JSWDULUX,375553,NSE,1,0.1,false,
JSWENERGY,4574465,NSE,1,0.05,true,
JSWHL,3041281,NSE,1,1.0,false,
JSWINFRA,4869121,NSE,1,0.01,false,
JSWSTEEL,3001089,NSE,1,0.1,true,METAL
JTEKTINDIA,828673,NSE,1,0.01,false,
JTLIND,1865473,NSE,1,0.01,false,
JUBLCPL,7575041,NSE,1,0.1,false,
JUBLFOOD,4632577,NSE,1,0.05,true,
JUBLINGREA,712449,NSE,1,0.05,false,
JUBLPHARMA,931073,NSE,1,0.05,false,
JUNIPER,5842945,NSE,1,0.01,false,
JUSTDIAL,7670273,NSE,1,0.05,false,
JWL,5177345,NSE,1,0.01,false,
JYOTHYLAB,3877377,NSE,1,0.01,false,
JYOTICNC,5461505,NSE,1,0.05,false,
JYOTISTRUC,461313,NSE,1,0.01,false,
KABRAEXTRU,462081,NSE,1,0.01,false,
KAJARIACER,462849,NSE,1,0.05,false,
KAKATCEM,463617,NSE,1,0.01,false,
KALAMANDIR,4801281,NSE,1,0.01,false,
KALPATARU,194190849,NSE,1,0.05,false,
KALYANI,0,NSE,1,0.05,false,
KALYANIFRG,3879937,NSE,1,0.05,false,
KALYANKJIL,756481,NSE,1,0.05,true,
KAMATHOTEL,467457,NSE,1,0.01,false,
KAMDHENU,3444993,NSE,1,0.01,false,
KAMOPAINTS,0,NSE,1,0.05,false,
KANANIIND,6601217,NSE,1,0.01,false,
KANORICHEM,469761,NSE,1,0.01,false,
KANPRPLA,456193,NSE,1,0.01,false,
KANSAINER,306177,NSE,1,0.01,false,
KAPSTON,0,NSE,1,0.05,false,
KARMAENG,6242561,NSE,1,0.01,false,
KARURVYSYA,470529,NSE,1,0.05,false,
KAUSHALYA,3874817,NSE,1,0.05,false,
KAVDEFENCE,0,NSE,1,0.05,false,
KAYA,2630657,NSE,1,0.01,false,
KAYNES,3095553,NSE,1,0.1,true,
KCP,471297,NSE,1,0.01,false,
KCPSUGIND,1231105,NSE,1,0.01,false,
KDDL,3816449,NSE,1,0.1,false,
KEC,3394561,NSE,1,0.05,false,
KECL,4664321,NSE,1,0.01,false,
KEEPLEARN,199169,NSE,1,0.01,false,
KEI,3407361,NSE,1,0.1,true,
KELLTONTEC,3438081,NSE,1,0.01,false,
KERNEX,3358977,NSE,1,0.05,false,
KESORAMIND,475905,NSE,1,0.01,false,
KEYFINSERV,1064193,NSE,1,0.01,false,
KFINTECH,3419905,NSE,1,0.05,true,
KHADIM,108801,NSE,1,0.01,false,
KHAICHEM,229377,NSE,1,0.01,false,
KHAITANLTD,1001473,NSE,1,0.01,false,
KHANDSE,2468097,NSE,1,0.01,false,
KICL,5406465,NSE,1,0.1,false,
KILITCH,5103873,NSE,1,0.01,false,
KIMS,1240833,NSE,1,0.05,false,
KINGFA,4849665,NSE,1,0.1,false,
KIOCL,4896257,NSE,1,0.05,false,
KIRIINDUS,4259585,NSE,1,0.05,false,
KIRLOSBROS,4756737,NSE,1,0.1,false,
KIRLOSENG,5359617,NSE,1,0.1,false,
KIRLOSIND,4870401,NSE,1,0.1,false,
KIRLPNU,3886081,NSE,1,0.1,false,
KITEX,7398145,NSE,1,0.01,false,
KKCL,3425537,NSE,1,0.05,false,
KMEW,6933505,NSE,1,0.1,false,
KMSUGAR,3754753,NSE,1,0.01,false,
KNAGRI,194796289,NSE,1,0.01,false,
KNRCON,3912449,NSE,1,0.01,false,
KOHINOOR,770305,NSE,1,0.01,false,
KOKUYOCMLN,4307713,NSE,1,0.01,false,
KOLTEPATIL,3871745,NSE,1,0.05,false,
KOPRAN,491265,NSE,1,0.01,false,
KOTAKBANK,492033,NSE,1,0.05,true,PRIVATE_BANK
KOTARISUG,2981633,NSE,1,0.01,false,
KOTHARIPET,1176065,NSE,1,0.01,false,
KOTHARIPRO,1415169,NSE,1,0.01,false,
KOTYARK,194901761,NSE,1,0.05,false,
KPEL,6932225,NSE,1,0.01,false,
KPIGREEN,1307649,NSE,1,0.05,false,
KPIL,464385,NSE,1,0.1,false,
KPITTECH,2478849,NSE,1,0.05,true,
KPRMILL,3817473,NSE,1,0.05,false,
KRBL,2707713,NSE,1,0.05,false,
KREBSBIO,0,NSE,1,0.05,false,
KRIDHANINF,2938881,NSE,1,0.01,false,
KRISHANA,3288833,NSE,1,0.05,false,
KRISHIVAL,193736193,NSE,1,0.05,false,
KRISHNADEF,194865153,NSE,1,0.05,false,
KRITI,1642753,NSE,1,0.01,false,
KRITIKA,2377729,NSE,1,0.01,false,
KRITINUT,2926593,NSE,1,0.01,false,
KRN,6564609,NSE,1,0.05,false,
KRONOX,6150401,NSE,1,0.01,false,
KROSS,6464513,NSE,1,0.01,false,
KRSNAA,1371905,NSE,1,0.05,false,
KRYSTAL,5932801,NSE,1,0.05,false,
KSB,498945,NSE,1,0.05,false,
KSCL,3832833,NSE,1,0.05,false,
KSHINTL,194670849,NSE,1,0.05,false,
KSHITIJPOL,0,NSE,1,0.05,false,
KSL,4835585,NSE,1,0.05,false,
KSOLVES,2831361,NSE,1,0.01,false,
KSR,0,NSE,1,0.05,false,
KTKBANK,2061825,NSE,1,0.01,false,
KUANTUM,3550721,NSE,1,0.01,false,
KWIL,194802177,NSE,1,0.01,false,
LAGNAM,1501441,NSE,1,0.01,false,
LAL,3820545,NSE,1,0.01,false,
LALPATHLAB,2983425,NSE,1,0.1,false,
LAMBODHARA,1640193,NSE,1,0.01,false,
LANCORHOL,0,NSE,1,0.05,false,
LANDMARK,3398657,NSE,1,0.05,false,
LANDSMILL,4448257,NSE,1,0.01,false,
LAOPALA,3692289,NSE,1,0.01,false,
LASA,0,NSE,1,0.05,false,
LATENTVIEW,1745409,NSE,1,0.05,false,
LATTEYS,4055041,NSE,1,0.01,false,
LAURUSLABS,4923905,NSE,1,0.05,true,PHARMA
LAXMICOT,0,NSE,1,0.05,false,
LAXMIDENTL,7467777,NSE,1,0.01,false,
LAXMIINDIA,194268929,NSE,1,0.01,false,
LCCINFOTEC,0,NSE,1,0.05,false,
LEMERITE,194636801,NSE,1,0.05,false,
LEMONTREE,667137,NSE,1,0.01,false,
LENSKART,194458881,NSE,1,0.05,false,
LEXUS,0,NSE,1,0.05,false,
LFIC,2022913,NSE,1,0.01,false,
LGBBROSLTD,4690177,NSE,1,0.1,false,
LGEINDIA,194614529,NSE,1,0.1,false,
LGHL,5088257,NSE,1,0.01,false,
LIBAS,2836993,NSE,1,0.01,false,
LIBERTSHOE,510465,NSE,1,0.01,false,
LICHSGFIN,511233,NSE,1,0.05,true,FIN_SERVICES
LICI,2426881,NSE,1,0.05,true,
LIKHITHA,0,NSE,1,0.05,false,
LINC,1779457,NSE,1,0.01,false,
LINCOLN,2968577,NSE,1,0.05,false,
LINDEINDIA,416513,NSE,1,0.5,false,
LLOYDSENGG,4557057,NSE,1,0.01,false,
LLOYDSENT,6606593,NSE,1,0.01,false,
LLOYDSME,4432129,NSE,1,0.1,false,METAL
LMW,506625,NSE,1,1.0,false,
LODHA,824321,NSE,1,0.05,true,REALTY
LOKESHMACH,3439617,NSE,1,0.01,false,
LORDSCHLO,4667393,NSE,1,0.01,false,
LOTUSDEV,194085121,NSE,1,0.01,false,
LOTUSEYE,4302593,NSE,1,0.01,false,
LOVABLE,5738241,NSE,1,0.01,false,
LOYALTEX,0,NSE,1,0.05,false,
LPDC,0,NSE,1,0.05,false,
LT,2939649,NSE,1,0.1,true,
LTF,6386689,NSE,1,0.01,true,
LTFOODS,3536897,NSE,1,0.05,false,
LTM,4561409,NSE,1,0.1,true,IT
LTTS,4752385,NSE,1,0.1,false,
LUMAXIND,516609,NSE,1,0.1,false,
LUMAXTECH,3587585,NSE,1,0.1,false,
LUPIN,2672641,NSE,1,0.1,true,PHARMA
LUXIND,2893057,NSE,1,0.05,false,
LXCHEM,727297,NSE,1,0.01,false,
LYKALABS,0,NSE,1,0.05,false,
LYPSAGEMS,8055809,NSE,1,0.01,false,
M&M,519937,NSE,1,0.1,true,AUTO
M&MFIN,3400961,NSE,1,0.05,false,
MAANALU,3844353,NSE,1,0.01,false,
MACPOWER,5720833,NSE,1,0.05,false,
MADHAV,3878657,NSE,1,0.01,false,
MADHUCON,0,NSE,1,0.05,false,
MADRASFERT,1257217,NSE,1,0.01,false,
MAGADSUGAR,5476353,NSE,1,0.05,false,
MAGNUM,0,NSE,1,0.05,false,
MAHABANK,2912513,NSE,1,0.01,false,PSU_BANK
MAHAPE-RE,0,NSE,1,0.05,false,
MAHAPEXLTD,1341185,NSE,1,0.01,false,
MAHASTEEL,0,NSE,1,0.05,false,
MAHEPC,4506369,NSE,1,0.01,false,
MAHESHWARI,2451457,NSE,1,0.01,false,
MAHLIFE,2060801,NSE,1,0.05,false,
MAHLOG,98561,NSE,1,0.05,false,
MAHSCOOTER,533761,NSE,1,1.0,false,
MAHSEAMLES,534529,NSE,1,0.05,false,
MAITHANALL,6281729,NSE,1,0.05,false,
MALLCOM,2039041,NSE,1,0.05,false,
MALUPAPER,3418113,NSE,1,0.01,false,
MAMATA,7343873,NSE,1,0.05,false,
MANAKALUCO,0,NSE,1,0.05,false,
MANAKCOAT,1897729,NSE,1,0.01,false,
MANAKSIA,3890945,NSE,1,0.01,false,
MANAKSTEEL,1910529,NSE,1,0.01,false,
MANALIPETC,3531777,NSE,1,0.01,false,
MANAPPURAM,4879617,NSE,1,0.05,true,
MANBA,6552833,NSE,1,0.01,false,
MANCREDIT,6354689,NSE,1,0.01,false,
MANGALAM,0,NSE,1,0.05,false,
MANGLMCEM,539137,NSE,1,0.05,false,
MANINDS,3042305,NSE,1,0.05,false,
MANINFRA,4665857,NSE,1,0.01,false,
MANKIND,3937281,NSE,1,0.1,true,PHARMA
MANOMAY,3520769,NSE,1,0.01,false,
MANORAMA,2618113,NSE,1,0.1,false,
MANORG,1644033,NSE,1,0.05,false,
MANUGRAPH,3474433,NSE,1,0.01,false,
MANYAVAR,2090753,NSE,1,0.05,false,
MAPMYINDIA,1850113,NSE,1,0.05,false,
MARALOVER,540673,NSE,1,0.01,false,
MARATHON,4776705,NSE,1,0.05,false,
MARICO,1041153,NSE,1,0.05,true,FMCG
MARINE,339969,NSE,1,0.01,false,
MARKOLINES,194612225,NSE,1,0.01,false,
MARKSANS,2708225,NSE,1,0.01,false,
MARSONS,194914817,NSE,1,0.01,false,
MARUTI,2815745,NSE,1,1.0,true,AUTO
MASFIN,50945,NSE,1,0.05,false,
MASKINVEST,4794113,NSE,1,0.01,false,
MASTEK,543745,NSE,1,0.1,false,
MASTERTR,6924033,NSE,1,0.01,false,
MATRIMONY,5561857,NSE,1,0.05,false,
MAWANASUG,4357633,NSE,1,0.01,false,
MAXESTATES,5029377,NSE,1,0.05,false,
MAXHEALTH,5728513,NSE,1,0.05,true,HEALTHCARE
MAXIND,5741569,NSE,1,0.01,false,
MAYURUNIQ,7399937,NSE,1,0.05,false,
MAZDA,4829697,NSE,1,0.01,false,
MAZDOCK,130305,NSE,1,0.1,true,
MBAPL,3247617,NSE,1,0.05,false,
MBEL,194086401,NSE,1,0.01,false,
MBLINFRA,0,NSE,1,0.05,false,
MCL,0,NSE,1,0.05,false,
MCLEODRUSS,0,NSE,1,0.05,false,
MCLOUD,7547393,NSE,1,0.01,false,
MCX,7982337,NSE,1,0.1,true,
MEDANTA,3060737,NSE,1,0.05,false,
MEDIASSIST,5556481,NSE,1,0.05,false,
MEDICAMEQ,1607169,NSE,1,0.01,false,
MEDICO,2474753,NSE,1,0.01,false,
MEDPLUS,1857025,NSE,1,0.05,false,
MEESHO,194618625,NSE,1,0.01,false,
MEGASTAR,2087169,NSE,1,0.05,false,
MEIL,194239489,NSE,1,0.01,false,
MENONBE,1782017,NSE,1,0.01,false,
METROBRAND,1853953,NSE,1,0.05,false,
METROPOLIS,2452737,NSE,1,0.05,false,
MFML,6383873,NSE,1,0.01,false,
MFSL,548353,NSE,1,0.1,true,
MGEL,407809,NSE,1,0.01,false,
MGL,4488705,NSE,1,0.05,false,OIL_GAS
MHLXMIRU,2018817,NSE,1,0.01,false,
MHRIL,4437249,NSE,1,0.01,false,
MICEL,1835265,NSE,1,0.01,false,
MIDHANI,630529,NSE,1,0.05,false,
MIDWESTLTD,194436353,NSE,1,0.1,false,
MINDACORP,6629633,NSE,1,0.05,false,
MINDTECK,4620545,NSE,1,0.01,false,
MIRCELECTR,563713,NSE,1,0.01,false,
MIRZAINT,1124865,NSE,1,0.01,false,
MITCON,2168065,NSE,1,0.01,false,
MITTAL,4751873,NSE,1,0.01,false,
MKPL,4284417,NSE,1,0.01,false,
MMFL,3544065,NSE,1,0.05,false,
MMP,4197121,NSE,1,0.01,false,
MMTC,4596993,NSE,1,0.01,false,
MOBIKWIK,7179777,NSE,1,0.01,false,
MODINATUR,194630913,NSE,1,0.05,false,
MODIRUBBER,570625,NSE,1,0.01,false,
MODIS,194496513,NSE,1,0.05,false,
MODISONLTD,848897,NSE,1,0.01,false,
MODTHREAD,573697,NSE,1,0.01,false,
MOHITIND,7532289,NSE,1,0.01,false,
MOIL,5332481,NSE,1,0.05,false,
MOKSH,918017,NSE,1,0.01,false,
MOL,1380865,NSE,1,0.01,false,
MOLDTECH,4512001,NSE,1,0.01,false,
MOLDTKPAC,1718529,NSE,1,0.05,false,
MONARCH,1965825,NSE,1,0.01,false,
MONEYBOXX,194401537,NSE,1,0.01,false,
MONTECARLO,1520129,NSE,1,0.05,false,
MOREPENLAB,578305,NSE,1,0.01,false,
MOSCHIP,7541505,NSE,1,0.01,false,
MOTHERSON,1076225,NSE,1,0.01,true,AUTO
MOTILALOFS,3826433,NSE,1,0.05,false,
MOTISONS,5321729,NSE,1,0.01,false,
MOTOGENFIN,580609,NSE,1,0.01,false,
MPHASIS,1152769,NSE,1,0.1,true,IT
MPSLTD,2707969,NSE,1,0.1,false,
MRF,582913,NSE,1,5.0,false,
MRPL,584449,NSE,1,0.01,false,
MSPL,3051265,NSE,1,0.01,false,
MSTCLTD,2395137,NSE,1,0.05,false,
MSUMI,2200577,NSE,1,0.01,false,
MTARTECH,693505,NSE,1,0.1,false,
MTEDUCARE,0,NSE,1,0.05,false,
MTNL,587265,NSE,1,0.01,false,
MUFIN,5064449,NSE,1,0.01,false,
MUFTI,5344769,NSE,1,0.01,false,
MUKANDLTD,2899201,NSE,1,0.01,false,
MUKKA,5882881,NSE,1,0.01,false,
MUKTAARTS,2223873,NSE,1,0.01,false,
MUNJALAU,3458817,NSE,1,0.01,false,
MUNJALSHOW,590593,NSE,1,0.01,false,
MURUDCERA,592129,NSE,1,0.01,false,
MUTHOOTCAP,2666241,NSE,1,0.01,false,
MUTHOOTFIN,6054401,NSE,1,0.1,true,FIN_SERVICES
MUTHOOTMF,5332737,NSE,1,0.01,false,
MVGJL,4867841,NSE,1,0.01,false,
MWL,194347265,NSE,1,0.05,false,
NACLIND,5228801,NSE,1,0.01,false,
NAGREEKCAP,3825153,NSE,1,0.01,false,
NAGREEKEXP,3763713,NSE,1,0.01,false,
NAHARCAP,3932161,NSE,1,0.01,false,
NAHARINDUS,3355137,NSE,1,0.01,false,
NAHARPOLY,3697921,NSE,1,0.01,false,
NAHARSPING,3696641,NSE,1,0.01,false,
NAM-INDIA,91393,NSE,1,0.05,false,
NARMADA,2976513,NSE,1,0.01,false,
NATCAPSUQ,7573249,NSE,1,0.01,false,
NATCOPHARM,1003009,NSE,1,0.05,false,
NATHBIOGEN,2832641,NSE,1,0.01,false,
NATIONALUM,1629185,NSE,1,0.05,true,METAL
NAUKRI,3520257,NSE,1,0.05,true,
NAVA,1027585,NSE,1,0.05,false,
NAVINFLUOR,3756033,NSE,1,0.5,false,
NAVKARCORP,2702593,NSE,1,0.01,false,
NAVKARURB,7461377,NSE,1,0.01,false,
NAVNETEDUL,610561,NSE,1,0.01,false,
NAZARA,764673,NSE,1,0.01,false,
NBCC,8042241,NSE,1,0.01,true,
NBIFIN,4892417,NSE,1,0.1,false,
NCC,593665,NSE,1,0.01,false,
NCLIND,3709441,NSE,1,0.01,false,
NDGL,4702977,NSE,1,0.1,false,
NDL,8002049,NSE,1,0.01,false,
NDLVENTURE,3724033,NSE,1,0.01,false,
NDRAUTO,5697281,NSE,1,0.05,false,
NDTV,2925313,NSE,1,0.01,false,
NECCLTD,3461633,NSE,1,0.01,false,
NECLIFE,3053313,NSE,1,0.01,false,
NELCAST,3778817,NSE,1,0.01,false,
NELCO,611329,NSE,1,0.05,false,
NEOGEN,2538753,NSE,1,0.1,false,
NEPHROPLUS,194648577,NSE,1,0.05,false,
NESCO,3944705,NSE,1,0.1,false,
NESTLEIND,4598529,NSE,1,0.1,true,FMCG
NETWEB,4462849,NSE,1,0.1,false,
NETWORK18,3612417,NSE,1,0.01,false,
NEULANDLAB,615937,NSE,1,1.0,false,
NEWGEN,297985,NSE,1,0.05,false,
NEXTMEDIA,2525953,NSE,1,0.01,false,
NFL,3564801,NSE,1,0.01,false,
NGIL,1382657,NSE,1,0.01,false,
NGLFINE,2630913,NSE,1,0.1,false,
NH,3031041,NSE,1,0.1,false,
NHPC,4454401,NSE,1,0.01,true,
NIACL,102145,NSE,1,0.01,false,
NIBE,7548673,NSE,1,0.05,false,
NIBL,7611649,NSE,1,0.01,false,
NIITLTD,2949633,NSE,1,0.01,false,
NIITMTS,4543233,NSE,1,0.05,false,
NILAINFRA,2368769,NSE,1,0.01,false,
NILASPACES,1897217,NSE,1,0.01,false,
NILKAMAL,619777,NSE,1,0.1,false,
NIMBSPROJ,195000321,NSE,1,0.01,false,
NINSYS,3633665,NSE,1,0.05,false,
NIPPOBATRY,1736193,NSE,1,0.05,false,
NIRAJ,65281,NSE,1,0.01,false,
NIRAJISPAT,0,NSE,1,0.05,false,
NITCO,3404801,NSE,1,0.01,false,
NITINSPIN,3372801,NSE,1,0.05,false,
NITIRAJ,831233,NSE,1,0.01,false,
NIVABUPA,6936833,NSE,1,0.01,false,
NKIND,624385,NSE,1,0.01,false,
NLCINDIA,2197761,NSE,1,0.05,false,
NMDC,3924993,NSE,1,0.01,true,METAL
NOCIL,625153,NSE,1,0.01,false,
NOIDATOLL,2761217,NSE,1,0.01,false,
NORBTEAEXP,1064961,NSE,1,0.01,false,
NORTHARC,6509057,NSE,1,0.01,false,
NOVAAGRI,5754113,NSE,1,0.01,false,
NPST,193618945,NSE,1,0.05,false,
NRAIL,5200385,NSE,1,0.05,false,
NRBBEARING,1933569,NSE,1,0.01,false,
NRL,3500801,NSE,1,0.01,false,
NSIL,2877185,NSE,1,0.1,false,
NSLNISP,3630081,NSE,1,0.01,false,
NTPC,2977281,NSE,1,0.05,true,
NTPCGREEN,6957057,NSE,1,0.01,false,
NUCLEUS,2762497,NSE,1,0.05,false,
NURECA,601601,NSE,1,0.01,false,
NUVAMA,4792577,NSE,1,0.1,true,
NUVOCO,1389057,NSE,1,0.05,false,
NYKAA,1675521,NSE,1,0.01,true,
OAL,2756609,NSE,1,0.01,false,
OBCL,2252033,NSE,1,0.01,false,
OBEROIRLTY,5181953,NSE,1,0.1,true,REALTY
OCCLLTD,6635009,NSE,1,0.01,false,
ODIGMA,0,NSE,1,0.05,false,
OFSS,2748929,NSE,1,0.5,true,IT
OIL,4464129,NSE,1,0.05,true,OIL_GAS
OILCOUNTUB,632833,NSE,1,0.01,false,
OLAELEC,6342913,NSE,1,0.01,false,
OLECTRA,2723073,NSE,1,0.05,false,
OMAXAUTO,2796033,NSE,1,0.01,false,
OMAXE,3802369,NSE,1,0.01,false,
OMFREIGHT,194409217,NSE,1,0.01,false,
OMINFRAL,6203137,NSE,1,0.01,false,
OMNI,194781441,NSE,1,0.01,false,
ONELIFECAP,6525953,NSE,1,0.01,false,
ONEPOINT,2544385,NSE,1,0.01,false,
ONESOURCE,7481345,NSE,1,0.1,false,
ONGC,633601,NSE,1,0.05,true,OIL_GAS
ONMOBILE,3911169,NSE,1,0.01,false,
ONWARDTEC,635137,NSE,1,0.01,false,
OPTIEMUS,5496065,NSE,1,0.05,false,
ORBTEXP,8057601,NSE,1,0.01,false,
ORCHASP,7549953,NSE,1,0.01,false,
ORCHPHARMA,237057,NSE,1,0.05,false,
ORICONENT,2600705,NSE,1,0.01,false,
ORIENTALTL,3672577,NSE,1,0.01,false,
ORIENTBELL,3655169,NSE,1,0.05,false,
ORIENTCEM,7702785,NSE,1,0.01,false,
ORIENTCER,3356417,NSE,1,0.01,false,
ORIENTELEC,760833,NSE,1,0.01,false,
ORIENTHOT,638209,NSE,1,0.01,false,
ORIENTLTD,4661249,NSE,1,0.01,false,
ORIENTPPR,638977,NSE,1,0.01,false,
ORIENTTECH,6390017,NSE,1,0.01,false,
ORISSAMINE,5102337,NSE,1,0.1,false,
ORKLAINDIA,194449665,NSE,1,0.05,false,
ORTINGLOBE,0,NSE,1,0.05,false,
OSIAHYPER,3234561,NSE,1,0.01,false,
OSWALAGRO,643585,NSE,1,0.01,false,
OSWALGREEN,120577,NSE,1,0.01,false,
OSWALPUMPS,193741313,NSE,1,0.05,false,
OSWALSEEDS,3662081,NSE,1,0.01,false,
PACEDIGITK,194391553,NSE,1,0.01,false,
PAGEIND,3689729,NSE,1,5.0,true,
PAISALO,6519809,NSE,1,0.01,false,
PAKKA,4402433,NSE,1,0.01,false,
PALASHSECU,5474049,NSE,1,0.01,false,
PALREDTEC,4367873,NSE,1,0.01,false,
PANACEABIO,1038081,NSE,1,0.05,false,
PANACHE,0,NSE,1,0.05,false,
PANAMAPET,6500353,NSE,1,0.01,false,
PANSARI,1572097,NSE,1,0.05,false,
PAR,1441537,NSE,1,0.01,false,
PARACABLES,3571457,NSE,1,0.01,false,
PARADEEP,2493697,NSE,1,0.01,false,
PARAGMILK,4385281,NSE,1,0.01,false,
PARAS,1513217,NSE,1,0.05,false,
PARASPETRO,0,NSE,1,0.05,false,
PARKHOSPS,194649857,NSE,1,0.01,false,
PARKHOTELS,5798145,NSE,1,0.01,false,
PARSVNATH,3530497,NSE,1,0.01,false,
PASHUPATI,194036481,NSE,1,0.05,false,
PASUPTAC,1547521,NSE,1,0.01,false,
PATANJALI,4359425,NSE,1,0.05,true,FMCG
PATELENG,2994945,NSE,1,0.01,false,
PATELRMART,194416385,NSE,1,0.01,false,
PATINTLOG,3896065,NSE,1,0.01,false,
PAUSHAKLTD,194552065,NSE,1,0.05,false,
PAVNAIND,0,NSE,1,0.05,false,
PAYTM,1716481,NSE,1,0.05,true,
PCBL,678145,NSE,1,0.01,false,
PCJEWELLER,7455745,NSE,1,0.01,false,
PDMJEPAPER,3936513,NSE,1,0.01,false,
PDSL,1347585,NSE,1,0.05,false,
PEARLPOLY,668161,NSE,1,0.01,false,
PENIND,5278977,NSE,1,0.01,false,
PENINLAND,577537,NSE,1,0.01,false,
PERSISTENT,4701441,NSE,1,0.1,true,IT
PETRONET,2905857,NSE,1,0.01,true,OIL_GAS
PFC,3660545,NSE,1,0.05,true,FIN_SERVICES
PFIZER,676609,NSE,1,0.1,false,
PFOCUS,3454977,NSE,1,0.05,false,
PFS,5786113,NSE,1,0.01,false,
PGEL,6491649,NSE,1,0.05,true,
PGHH,648961,NSE,1,0.5,false,
PGHL,240641,NSE,1,0.1,false,
PGIL,3650561,NSE,1,0.1,false,
PHOENIXLTD,3725313,NSE,1,0.1,true,REALTY
PICCADIL,193985025,NSE,1,0.05,false,
PIDILITIND,681985,NSE,1,0.1,true,
PIGL,4023297,NSE,1,0.01,false,
PIIND,6191105,NSE,1,0.1,true,
PILANIINVS,2929921,NSE,1,0.1,false,
PILITA,7893761,NSE,1,0.01,false,
PINELABS,194513921,NSE,1,0.01,false,
PIONEEREMB,3446529,NSE,1,0.01,false,
PIRAMALFIN,194445057,NSE,1,0.1,false,
PITTIENG,3618305,NSE,1,0.05,false,
PIXTRANS,2326273,NSE,1,0.1,false,
PKTEA,2642177,NSE,1,0.05,false,
PLASTIBLEN,3563521,NSE,1,0.01,false,
PLATIND,5870081,NSE,1,0.01,false,
PLAZACABLE,4981249,NSE,1,0.01,false,
PNB,2730497,NSE,1,0.01,true,PSU_BANK
PNBGILTS,2236417,NSE,1,0.01,false,
PNBHOUSING,4840449,NSE,1,0.05,true,
PNC,0,NSE,1,0.05,false,
PNCINFRA,2402561,NSE,1,0.01,false,
PNGJL,6479873,NSE,1,0.05,false,
PNGSREVA,194621953,NSE,1,0.05,false,
POCL,3682561,NSE,1,0.1,false,
PODDARMENT,4873217,NSE,1,0.01,false,
POKARNA,4518657,NSE,1,0.05,false,
POLICYBZR,1703937,NSE,1,0.1,true,
POLYCAB,2455041,NSE,1,0.5,true,
POLYMED,6583809,NSE,1,0.1,false,
POLYPLEX,687873,NSE,1,0.05,false,
PONNIERODE,2729217,NSE,1,0.05,false,
POONAWALLA,2919169,NSE,1,0.05,false,
POWERGRID,3834113,NSE,1,0.05,true,
POWERICA,194990081,NSE,1,0.05,false,
POWERINDIA,4724993,NSE,1,5.0,true,
POWERMECH,2681089,NSE,1,0.1,false,
PPAP,3893505,NSE,1,0.01,false,
PPL,2636033,NSE,1,0.01,false,
PPLPHARMA,2962177,NSE,1,0.01,true,PHARMA
PRABHA,7714305,NSE,1,0.01,false,
PRAENG,3568897,NSE,1,0.01,false,
PRAJIND,692481,NSE,1,0.05,false,
PRAKASH,693249,NSE,1,0.01,false,
PRAKASHSTL,5017345,NSE,1,0.01,false,
PRAXIS,308225,NSE,1,0.01,false,
PRECAM,3226369,NSE,1,0.01,false,
PRECOT,0,NSE,1,0.05,false,
PRECWIRE,695553,NSE,1,0.05,false,
PREMEXPLN,4453633,NSE,1,0.05,false,
PREMIER,0,NSE,1,0.05,false,
PREMIERENE,6412545,NSE,1,0.05,true,
PREMIERPOL,0,NSE,1,0.05,false,
PRESTIGE,5197313,NSE,1,0.1,true,REALTY
PRICOLLTD,5025537,NSE,1,0.05,false,
PRIMESECU,3037185,NSE,1,0.05,false,
PRIMO,193772801,NSE,1,0.01,false,
PRINCEPIPE,4107521,NSE,1,0.01,false,
PRITI,0,NSE,1,0.05,false,
PRITIKAUTO,1354753,NSE,1,0.01,false,
PRIVISCL,2259201,NSE,1,0.1,false,
PROSTARM,194092289,NSE,1,0.01,false,
PROTEAN,7544833,NSE,1,0.05,false,
PROZONER,7387905,NSE,1,0.01,false,
PRSMJOHNSN,701185,NSE,1,0.01,false,
PRUDENT,2445569,NSE,1,0.1,false,
PRUDMOULI,5254913,NSE,1,0.01,false,
PSB,5376257,NSE,1,0.01,false,PSU_BANK
PSPPROJECT,5344513,NSE,1,0.05,false,
PTC,2906881,NSE,1,0.01,false,
PTCIL,4270593,NSE,1,1.0,false,
PTL,3609857,NSE,1,0.01,false,
PUNJABCHEM,1112065,NSE,1,0.05,false,
PURVA,3820033,NSE,1,0.01,false,
PVP,1026561,NSE,1,0.01,false,
PVRINOX,3365633,NSE,1,0.05,false,
PVSL,5924353,NSE,1,0.01,false,
PWL,194489089,NSE,1,0.01,false,
PYRAMID,4672001,NSE,1,0.01,false,
QPOWER,7606017,NSE,1,0.05,false,
QUADFUTURE,7446273,NSE,1,0.05,false,
QUESS,4532225,NSE,1,0.01,false,
QUICKHEAL,3357697,NSE,1,0.01,false,
RACE,0,NSE,1,0.05,false,
RACLGEAR,6955777,NSE,1,0.1,false,
RADAAN,2798593,NSE,1,0.01,false,
RADHIKAJWE,2647809,NSE,1,0.01,false,
RADIANTCMS,3476481,NSE,1,0.01,false,
RADICO,2813441,NSE,1,0.1,false,FMCG
RADIOCITY,0,NSE,1,0.05,false,
RAILTEL,622337,NSE,1,0.01,false,
RAIN,3926273,NSE,1,0.01,false,
RAINBOW,2408449,NSE,1,0.1,false,
RAJMET,0,NSE,1,0.05,false,
RAJOOENG,193804545,NSE,1,0.01,false,
RAJRATAN,4854273,NSE,1,0.05,false,
RAJRILTD,0,NSE,1,0.05,false,
RAJSREESUG,719105,NSE,1,0.01,false,
RAJTV,3687169,NSE,1,0.01,false,
RALLIS,720897,NSE,1,0.01,false,
RAMANEWS,3472641,NSE,1,0.01,false,
RAMAPHO,2705409,NSE,1,0.01,false,
RAMASTEEL,2636801,NSE,1,0.01,false,
RAMCOCEM,523009,NSE,1,0.05,false,
RAMCOIND,1174273,NSE,1,0.01,false,
RAMCOSYS,2009857,NSE,1,0.05,false,
RAMKY,5154305,NSE,1,0.05,false,
RAMRAT,2684161,NSE,1,0.05,false,
RANASUG,726273,NSE,1,0.01,false,
RANEHOLDIN,728065,NSE,1,0.05,false,
RATEGAIN,1837313,NSE,1,0.05,false,
RATNAMANI,3443457,NSE,1,0.1,false,
RATNAVEER,4716289,NSE,1,0.01,false,
RAYMOND,731905,NSE,1,0.05,false,
RAYMONDLSL,6418689,NSE,1,0.05,false,
RAYMONDREL,194189057,NSE,1,0.05,false,
RBA,382465,NSE,1,0.01,false,
RBLBANK,4708097,NSE,1,0.05,true,PRIVATE_BANK
RBZJEWEL,5343745,NSE,1,0.01,false,
RCF,733697,NSE,1,0.01,false,
RCOM,0,NSE,1,0.05,false,
RECLTD,3930881,NSE,1,0.05,true,FIN_SERVICES
REDINGTON,3649281,NSE,1,0.01,false,
REDTAPE,4571905,NSE,1,0.01,false,
REFEX,4547585,NSE,1,0.01,false,
REGAAL,194222081,NSE,1,0.01,false,
REGENCERAM,1057281,NSE,1,0.01,false,
RELAXO,6201601,NSE,1,0.01,false,
RELCHEMQ,2470913,NSE,1,0.01,false,
RELIABLE,6240769,NSE,1,0.01,false,
RELIANCE,738561,NSE,1,0.1,true,OIL_GAS
RELIGARE,3857409,NSE,1,0.01,false,
RELTD,6296577,NSE,1,0.01,false,
REMSONSIND,1015041,NSE,1,0.01,false,
RENUKA,3078657,NSE,1,0.01,false,
REPCOHOME,7577089,NSE,1,0.05,false,
REPL,0,NSE,1,0.05,false,
REPRO,3360257,NSE,1,0.05,false,
RESPONIND,5202689,NSE,1,0.01,false,
RETAIL,6181121,NSE,1,0.01,false,
RGL,3873025,NSE,1,0.01,false,
RHETAN,194319873,NSE,1,0.01,false,
RHIM,7977729,NSE,1,0.05,false,
RHL,3880193,NSE,1,0.01,false,
RICOAUTO,744705,NSE,1,0.01,false,
RIIL,745473,NSE,1,0.05,false,
RISHABH,4714753,NSE,1,0.05,false,
RITCO,2289665,NSE,1,0.01,false,
RITES,962817,NSE,1,0.01,false,
RKDL,5363201,NSE,1,0.01,false,
RKEC,396033,NSE,1,0.01,false,
RKFORGE,2921217,NSE,1,0.05,false,
RKSWAMY,5899009,NSE,1,0.01,false,
RMC,0,NSE,1,0.05,false,
RMDRIP,194005505,NSE,1,0.01,false,
RML,3065601,NSE,1,0.05,false,
RNBDENIMS,0,NSE,1,0.05,false,
ROHLTD,3374593,NSE,1,0.05,false,
ROLEXRINGS,1351425,NSE,1,0.01,false,
ROLLT,4890625,NSE,1,0.01,false,
ROML,91905,NSE,1,0.01,false,
ROSSARI,4968961,NSE,1,0.05,false,
ROSSELLIND,7401729,NSE,1,0.01,false,
ROSSTECH,7002369,NSE,1,0.05,false,
ROTO,2316545,NSE,1,0.01,false,
ROUTE,32769,NSE,1,0.05,false,
RPEL,6332161,NSE,1,0.05,false,
RPGLIFE,4281601,NSE,1,0.1,false,
RPOWER,3906305,NSE,1,0.01,false,
RPPINFRA,5314561,NSE,1,0.01,false,
RPPL,1769729,NSE,1,0.01,false,
RPSGVENT,2078465,NSE,1,0.05,false,
RPTECH,5803521,NSE,1,0.05,false,
RRKABEL,4752897,NSE,1,0.1,false,
RSL,194928385,NSE,1,0.01,false,
RSSOFTWARE,0,NSE,1,0.05,false,
RSWM,715265,NSE,1,0.01,false,
RSYSTEMS,3433985,NSE,1,0.01,false,
RTNINDIA,6988033,NSE,1,0.01,false,
RTNPOWER,4485121,NSE,1,0.01,false,
RUBFILA,6330881,NSE,1,0.01,false,
RUBICON,194384897,NSE,1,0.05,false,
RUBYMILLS,752385,NSE,1,0.01,false,
RUCHINFRA,1168897,NSE,1,0.01,false,
RUCHIRA,3538177,NSE,1,0.01,false,
RUDRA,194660353,NSE,1,0.01,false,
RUPA,6585345,NSE,1,0.01,false,
RUSHIL,6296321,NSE,1,0.01,false,
RUSTOMJEE,3128065,NSE,1,0.05,false,
RVHL,400641,NSE,1,0.01,false,
RVNL,2445313,NSE,1,0.01,true,
RVTH,6440193,NSE,1,0.05,false,
S&SPOWER,0,NSE,1,0.05,false,
SAATVIKGL,194318593,NSE,1,0.05,false,
SADBHAV,0,NSE,1,0.05,false,
SADBHIN,2718209,NSE,1,0.01,false,
SADHNANIQ,3927809,NSE,1,0.01,false,
SAFARI,3336961,NSE,1,0.1,false,
SAGARDEEP,2092801,NSE,1,0.01,false,
SAGCEM,3601409,NSE,1,0.01,false,
SAGILITY,6925313,NSE,1,0.01,false,
SAHLIBHFI,194992129,NSE,1,0.01,false,
SAHYADRI,3814401,NSE,1,0.01,false,
SAIL,758529,NSE,1,0.01,true,METAL
SAILIFE,7126785,NSE,1,0.05,false,
SAIPARENT,194988801,NSE,1,0.05,false,
SAKAR,2441985,NSE,1,0.05,false,
SAKHTISUG,760065,NSE,1,0.01,false,
SAKSOFT,3019265,NSE,1,0.01,false,
SAKUMA,0,NSE,1,0.05,false,
SALASAR,5468673,NSE,1,0.01,false,
SALONA,4441857,NSE,1,0.05,false,
SALSTEEL,2978305,NSE,1,0.01,false,
SALZERELEC,2918145,NSE,1,0.05,false,
SAMBHAAV,0,NSE,1,0.05,false,
SAMBHV,193988353,NSE,1,0.01,false,
SAMHI,4765185,NSE,1,0.01,false,
SAMMAANCAP,7712001,NSE,1,0.01,true,
SAMPANN,6989569,NSE,1,0.01,false,
SANATHAN,7374081,NSE,1,0.05,false,
SANDESH,764929,NSE,1,0.05,false,
SANDHAR,613633,NSE,1,0.05,false,
SANDUMA,4699905,NSE,1,0.01,false,
SANGAMIND,1071105,NSE,1,0.05,false,
SANGHVIMOV,3598849,NSE,1,0.01,false,
SANGINITA,0,NSE,1,0.05,false,
SANOFI,369153,NSE,1,0.1,false,
SANOFICONR,6456833,NSE,1,0.1,false,
SANSERA,1472257,NSE,1,0.1,false,
SANSTAR,6292993,NSE,1,0.01,false,
SAPPHIRE,1719809,NSE,1,0.01,false,
SARDAEN,4546049,NSE,1,0.05,false,
SAREGAMA,1252353,NSE,1,0.05,false,
SARLAPOLY,3595009,NSE,1,0.01,false,
SARVESHWAR,3305729,NSE,1,0.01,false,
SASKEN,3067649,NSE,1,0.1,false,
SASTASUNDR,5136129,NSE,1,0.05,false,
SATIA,2827521,NSE,1,0.01,false,
SATIN,2675969,NSE,1,0.01,false,
SAURASHCEM,772609,NSE,1,0.01,false,
SBC,1738753,NSE,1,0.01,false,
SBCL,1191937,NSE,1,0.05,false,
SBFC,4614657,NSE,1,0.01,false,
SBGLP,3619585,NSE,1,0.01,false,
SBICARD,4600577,NSE,1,0.05,true,FIN_SERVICES
SBILIFE,5582849,NSE,1,0.1,true,FIN_SERVICES
SBIN,779521,NSE,1,0.05,true,PSU_BANK
SCHAEFFLER,258817,NSE,1,0.1,false,
SCHAND,5298689,NSE,1,0.01,false,
SCHNEIDER,0,NSE,1,0.05,false,
SCI,780289,NSE,1,0.01,false,
SCILAL,5920513,NSE,1,0.01,false,
SCODATUBES,193914369,NSE,1,0.01,false,
SCPL,0,NSE,1,0.05,false,
SDBL,342529,NSE,1,0.01,false,
SEAMECLTD,669697,NSE,1,0.1,false,
SECMARK,0,NSE,1,0.05,false,
SECURKLOUD,0,NSE,1,0.05,false,
SEDEMAC,194855169,NSE,1,0.1,false,
SEJALLTD,1815297,NSE,1,0.05,false,
SELMC,1603073,NSE,1,0.01,false,
SEMAC,3062017,NSE,1,0.01,false,
SENCO,4421377,NSE,1,0.05,false,
SENORES,7395329,NSE,1,0.05,false,
SEPC,3918849,NSE,1,0.01,false,
SERVOTECH,1409793,NSE,1,0.01,false,
SESHAPAPER,784897,NSE,1,0.01,false,
SETCO,0,NSE,1,0.05,false,
SETL,7443201,NSE,1,0.01,false,
SEYAIND,0,NSE,1,0.05,false,
SFL,4911105,NSE,1,0.05,false,
SGFIN,194266369,NSE,1,0.05,false,
SGIL,1309185,NSE,1,0.05,false,
SGL,3421953,NSE,1,0.01,false,
SGMART,194275585,NSE,1,0.05,false,
SHADOWFAX,194936065,NSE,1,0.01,false,
SHAH,5195777,NSE,1,0.01,false,
SHAHALLOYS,3035137,NSE,1,0.01,false,
SHAILY,2234113,NSE,1,0.1,false,
SHAKTIPUMP,6546945,NSE,1,0.05,false,
SHALBY,182785,NSE,1,0.01,false,
SHALPAINTS,3927553,NSE,1,0.01,false,
SHANKARA,0,NSE,1,0.05,false,
SHANTI,1446401,NSE,1,0.01,false,
SHANTIGEAR,787969,NSE,1,0.05,false,
SHANTIGOLD,194048513,NSE,1,0.01,false,
SHARDACROP,1277953,NSE,1,0.05,false,
SHARDAMOTR,2695681,NSE,1,0.05,false,
SHAREINDIA,26625,NSE,1,0.01,false,
SHEKHAWATI,5400321,NSE,1,0.01,false,
SHEMAROO,1297409,NSE,1,0.01,false,
SHILCTECH,194520833,NSE,1,0.1,false,
SHILPAMED,4544513,NSE,1,0.05,false,
SHIVALIK,1796097,NSE,1,0.01,false,
SHIVAMAUTO,3521537,NSE,1,0.01,false,
SHIVAMILLS,383233,NSE,1,0.01,false,
SHIVATEX,205825,NSE,1,0.01,false,
SHIVAUM,0,NSE,1,0.05,false,
SHK,2870273,NSE,1,0.01,false,
SHOPERSTOP,3024129,NSE,1,0.05,false,
SHRADHA,181249,NSE,1,0.01,false,
SHREDIGCEM,793345,NSE,1,0.01,false,
SHREECEM,794369,NSE,1,5.0,true,
SHREEJISPG,194418689,NSE,1,0.05,false,
SHREEPUSHK,2710529,NSE,1,0.05,false,
SHREERAMA,1952513,NSE,1,0.01,false,
SHREYANIND,800257,NSE,1,0.01,false,
SHRINGARMS,194327809,NSE,1,0.01,false,
SHRIPISTON,4399617,NSE,1,0.1,false,
SHRIRAMFIN,1102337,NSE,1,0.05,true,FIN_SERVICES
SHRIRAMPPS,1843201,NSE,1,0.01,false,
SHYAMCENT,2608129,NSE,1,0.01,false,
SHYAMMETL,1201409,NSE,1,0.05,false,
SHYAMTEL,3517441,NSE,1,0.01,false,
SICALLOG,0,NSE,1,0.05,false,
SIEMENS,806401,NSE,1,0.1,true,
SIGACHI,1705729,NSE,1,0.01,false,
SIGIND,1157633,NSE,1,0.01,false,
SIGMA,4264449,NSE,1,0.01,false,
SIGMAADV,3787009,NSE,1,0.01,false,
SIGNATURE,4798209,NSE,1,0.05,false,REALTY
SIGNPOST,5799937,NSE,1,0.01,false,
SIKKO,1591809,NSE,1,0.01,false,
SIL,2892033,NSE,1,0.01,false,
SILGO,637953,NSE,1,0.01,false,
SILINV,1050881,NSE,1,0.05,false,
SILLYMONKS,4888833,NSE,1,0.01,false,
SILVERTUC,2412033,NSE,1,0.01,false,
SIMPLEXINF,809473,NSE,1,0.01,false,
SINCLAIR,6010881,NSE,1,0.01,false,
SINDHUTRAD,4315905,NSE,1,0.01,false,
SINGERIND,194923521,NSE,1,0.01,false,
SINTERCOM,97537,NSE,1,0.01,false,
SIRCA,2828801,NSE,1,0.05,false,
SIS,5504257,NSE,1,0.05,false,
SIYSIL,3608577,NSE,1,0.05,false,
SJS,1700609,NSE,1,0.1,false,
SJVN,4834049,NSE,1,0.01,false,
SKFINDIA,815617,NSE,1,0.1,false,
SKFINDUS,194585857,NSE,1,0.1,false,
SKIPPER,2413569,NSE,1,0.05,false,
SKMEGGPROD,1211393,NSE,1,0.01,false,
SKYGOLD,3489537,NSE,1,0.05,false,
SMARTLINK,2531585,NSE,1,0.01,false,
SMARTWORKS,194039041,NSE,1,0.05,false,
SMCGLOBAL,593921,NSE,1,0.01,false,
SMLMAH,867073,NSE,1,0.1,false,
SMLT,1751809,NSE,1,0.01,false,
SMSPHARMA,3668225,NSE,1,0.05,false,
SNOWMAN,1239809,NSE,1,0.01,false,
SOBHA,3539457,NSE,1,0.1,false,REALTY
SOFTTECH,0,NSE,1,0.05,false,
SOLARA,940033,NSE,1,0.05,false,
SOLARINDS,3412993,NSE,1,1.0,true,
SOLARWORLD,194541825,NSE,1,0.01,false,
SOLEX,194405633,NSE,1,0.05,false,
SOMANYCERA,993281,NSE,1,0.05,false,
SOMATEX,1075457,NSE,1,0.01,false,
SOMICONVEY,4555265,NSE,1,0.01,false,
SONACOMS,1199105,NSE,1,0.05,true,AUTO
SONAMLTD,2254337,NSE,1,0.01,false,
SONATSOFTW,1688577,NSE,1,0.01,false,
SOTL,773377,NSE,1,0.05,false,
SOUTHBANK,1522689,NSE,1,0.01,false,
SOUTHWEST,2477569,NSE,1,0.01,false,
SPAL,4672513,NSE,1,0.05,false,
SPANDANA,2927361,NSE,1,0.01,false,
SPARC,3785729,NSE,1,0.01,false,
SPCENET,4959233,NSE,1,0.01,false,
SPECIALITY,6939393,NSE,1,0.01,false,
SPECTRUM,7796481,NSE,1,0.1,false,
SPENCERS,2089729,NSE,1,0.01,false,
SPIC,832513,NSE,1,0.01,false,
SPLIL,3055361,NSE,1,0.01,false,
SPLPETRO,2461953,NSE,1,0.05,false,
SPMLINFRA,850177,NSE,1,0.01,false,
SPORTKING,2747649,NSE,1,0.01,false,
SRD,6588673,NSE,1,0.01,false,
SREEL,8150273,NSE,1,0.01,false,
SRF,837889,NSE,1,0.1,true,
SRGHFL,4638465,NSE,1,0.01,false,
SRHHYPOLTD,3732993,NSE,1,0.05,false,
SRM,5990913,NSE,1,0.05,false,
SRTL,194608129,NSE,1,0.01,false,
SSDL,6363137,NSE,1,0.01,false,
SSWL,3028225,NSE,1,0.01,false,
STALLION,7476225,NSE,1,0.01,false,
STANLEY,6201857,NSE,1,0.01,false,
STAR,1887745,NSE,1,0.05,false,
STARCEMENT,5399297,NSE,1,0.01,false,
STARHEALTH,1813249,NSE,1,0.05,false,
STARPAPER,842497,NSE,1,0.01,false,
STARTECK,2382081,NSE,1,0.01,false,
STCINDIA,2802689,NSE,1,0.01,false,
STEELCAS,1741569,NSE,1,0.01,false,
STEELCITY,2663937,NSE,1,0.01,false,
STEELXIND,5462785,NSE,1,0.01,false,
STEL,5499905,NSE,1,0.05,false,
STERTOOLS,1100545,NSE,1,0.01,false,
STLNETWORK,194293249,NSE,1,0.01,false,
STLTECH,2383105,NSE,1,0.01,false,
STOVEKRAFT,539393,NSE,1,0.05,false,
STUDDS,194454273,NSE,1,0.05,false,
STYL,194543105,NSE,1,0.01,false,
STYLAMIND,1327617,NSE,1,0.1,false,
STYLEBAAZA,6429185,NSE,1,0.05,false,
STYRENIX,4865,NSE,1,0.1,false,
SUBEXLTD,247553,NSE,1,0.01,false,
SUBROS,850945,NSE,1,0.05,false,
SUDARCOLOR,183041,NSE,1,0.05,false,
SUDARSCHEM,851713,NSE,1,0.05,false,
SUDEEPPHRM,194569985,NSE,1,0.05,false,
SUKHJITS,3021825,NSE,1,0.01,false,
SULA,3383809,NSE,1,0.01,false,
SUMEETINDS,5322241,NSE,1,0.01,false,
SUMICHEM,4378881,NSE,1,0.05,false,
SUMIT,2851841,NSE,1,0.01,false,
SUMMITSEC,5446401,NSE,1,0.1,false,
SUNCLAY,5364737,NSE,1,0.1,false,
SUNDARAM,4846337,NSE,1,0.01,false,
SUNDARMFIN,854785,NSE,1,0.1,false,
SUNDRMBRAK,1069825,NSE,1,0.05,false,
SUNDRMFAST,856321,NSE,1,0.05,false,
SUNDROP,425729,NSE,1,0.05,false,
SUNFLAG,857089,NSE,1,0.01,false,
SUNPHARMA,857857,NSE,1,0.1,true,PHARMA
SUNTECK,4516097,NSE,1,0.05,false,
SUNTV,3431425,NSE,1,0.05,false,
SUPERHOUSE,5277697,NSE,1,0.01,false,
SUPERSPIN,859393,NSE,1,0.01,false,
SUPRAJIT,2992385,NSE,1,0.05,false,
SUPREME,7536385,NSE,1,0.01,false,
SUPREMEIND,860929,NSE,1,0.1,true,
SUPRIYA,1891841,NSE,1,0.05,false,
SURAJEST,5330433,NSE,1,0.01,false,
SURAJLTD,6391297,NSE,1,0.01,false,
SURAKSHA,6997505,NSE,1,0.01,false,
SURANASOL,5395713,NSE,1,0.01,false,
SURANAT&P,2739201,NSE,1,0.01,false,
SURYALAXMI,3034113,NSE,1,0.01,false,
SURYAROSNI,864001,NSE,1,0.01,false,
SURYODAY,760321,NSE,1,0.01,false,
SUTLEJTEX,3533057,NSE,1,0.01,false,
SUVEN,2875649,NSE,1,0.01,false,
SUVIDHAA,0,NSE,1,0.05,false,
SUYOG,6361857,NSE,1,0.05,false,
SUZLON,3076609,NSE,1,0.01,true,
SVLL,3870977,NSE,1,0.05,false,
SVPGLOB,1285121,NSE,1,0.01,false,
SWANCORP,6936321,NSE,1,0.05,false,
SWANDEF,0,NSE,1,0.05,false,
SWARAJENG,866305,NSE,1,0.1,false,
SWELECTES,3048705,NSE,1,0.05,false,
SWIGGY,6928897,NSE,1,0.05,true,
SWSOLAR,3197185,NSE,1,0.01,false,
SYMPHONY,6192641,NSE,1,0.05,false,
SYNCOMF,3069953,NSE,1,0.01,false,
SYNGENE,2622209,NSE,1,0.05,true,HEALTHCARE
SYRMA,2763009,NSE,1,0.05,false,
SYSTMTXC,194394881,NSE,1,0.01,false,
TAINWALCHM,869377,NSE,1,0.01,false,
TAJGVK,2394625,NSE,1,0.05,false,
TAKE,0,NSE,1,0.05,false,
TALBROAUTO,3493889,NSE,1,0.01,false,
TANLA,3577857,NSE,1,0.05,false,
TARACHAND,6019073,NSE,1,0.01,false,
TARAPUR,4819713,NSE,1,0.01,false,
TARC,404737,NSE,1,0.01,false,
TARIL,3884545,NSE,1,0.05,false,
TARMAT,0,NSE,1,0.05,false,
TARSONS,1777409,NSE,1,0.01,false,
TASTYBITE,5143553,NSE,1,0.5,false,
TATACAP,194371841,NSE,1,0.05,false,
TATACHEM,871681,NSE,1,0.05,false,
TATACOMM,952577,NSE,1,0.1,false,
TATACONSUM,878593,NSE,1,0.1,true,FMCG
TATAELXSI,873217,NSE,1,0.1,true,
TATAINVEST,414977,NSE,1,0.05,false,
TATAPOWER,877057,NSE,1,0.05,true,
TATASTEEL,895745,NSE,1,0.01,true,METAL
TATATECH,5195009,NSE,1,0.05,true,
TATVA,1321473,NSE,1,0.1,false,
TBOTEK,6077441,NSE,1,0.1,false,
TBZ,6921473,NSE,1,0.01,false,
TCC,195024385,NSE,1,0.05,false,
TCI,2708481,NSE,1,0.05,false,
TCIEXP,4921089,NSE,1,0.05,false,
TCIFINANCE,1221377,NSE,1,0.01,false,
TCPLPACK,47105,NSE,1,0.1,false,
TCS,2953217,NSE,1,0.1,true,IT
TDPOWERSYS,6445569,NSE,1,0.05,false,
TEAMGTY,2743553,NSE,1,0.01,false,
TEAMLEASE,3255297,NSE,1,0.1,false,
TECHM,3465729,NSE,1,0.1,true,IT
TECHNOE,1649921,NSE,1,0.05,false,
TECILCHEM,883969,NSE,1,0.01,false,
TEGA,1818881,NSE,1,0.1,false,
TEJASNET,5409537,NSE,1,0.05,false,
TEMBO,838401,NSE,1,0.05,false,
TENNIND,194529281,NSE,1,0.05,false,
TERASOFT,4938753,NSE,1,0.05,false,
TEXINFRA,2956545,NSE,1,0.01,false,
TEXMOPIPES,4662785,NSE,1,0.01,false,
TEXRAIL,5587969,NSE,1,0.01,false,
TFCILTD,887297,NSE,1,0.01,false,
TFL,3665665,NSE,1,0.01,false,
TGBHOTELS,3739393,NSE,1,0.01,false,
THANGAMAYL,4638209,NSE,1,0.1,false,
THEINVEST,5485313,NSE,1,0.01,false,
THEJO,4935425,NSE,1,0.1,false,
THELEELA,193795585,NSE,1,0.05,false,
THEMISMED,3708161,NSE,1,0.01,false,
THERMAX,889601,NSE,1,0.1,false,
THOMASCOOK,891137,NSE,1,0.01,false,
THOMASCOTT,7940353,NSE,1,0.01,false,
THYROCARE,4360193,NSE,1,0.05,false,
TI,4914177,NSE,1,0.05,false,
TICL,4992257,NSE,1,0.01,false,
TIGERLOGS,194349057,NSE,1,0.01,false,
TIIL,3641089,NSE,1,0.1,false,
TIINDIA,79873,NSE,1,0.1,true,AUTO
TIJARIA,0,NSE,1,0.05,false,
TIL,891905,NSE,1,0.01,false,
TIMETECHNO,3764993,NSE,1,0.01,false,
TIMKEN,3634689,NSE,1,0.1,false,
TINNARUBR,193541121,NSE,1,0.05,false,
TIPSFILMS,2911745,NSE,1,0.05,false,
TIPSMUSIC,2333953,NSE,1,0.05,false,
TIRUMALCHM,894977,NSE,1,0.01,false,
TIRUPATIFL,0,NSE,1,0.05,false,
TITAGARH,3945985,NSE,1,0.05,false,
TITAN,897537,NSE,1,0.1,true,
TMB,2801921,NSE,1,0.05,false,
TMCV,194504193,NSE,1,0.05,false,
TMPV,884737,NSE,1,0.05,true,AUTO
TNPETRO,898305,NSE,1,0.01,false,
TNPL,1018881,NSE,1,0.01,false,
TNTELE,899073,NSE,1,0.01,false,
TOKYOPLAST,982273,NSE,1,0.01,false,
TOLINS,6467073,NSE,1,0.01,false,
TORNTPHARM,900609,NSE,1,0.1,true,PHARMA
TORNTPOWER,3529217,NSE,1,0.1,true,
TOTAL,5740289,NSE,1,0.01,false,
TOUCHWOOD,4328449,NSE,1,0.01,false,
TPHQ,4350977,NSE,1,0.01,false,
TPLPLASTEH,2360065,NSE,1,0.01,false,
TRACXN,2964993,NSE,1,0.01,false,
TRANSRAILL,7350785,NSE,1,0.05,false,
TRANSWORLD,801025,NSE,1,0.01,false,
TRAVELFOOD,193931521,NSE,1,0.1,false,
TREEHOUSE,0,NSE,1,0.05,false,
TREJHARA,1924609,NSE,1,0.01,false,
TREL,4555521,NSE,1,0.01,false,
TRENT,502785,NSE,1,0.1,true,
TRF,4604673,NSE,1,0.01,false,
TRIDENT,2479361,NSE,1,0.01,false,
TRIGYN,1389569,NSE,1,0.01,false,
TRITURBINE,6549505,NSE,1,0.05,false,
TRIVENI,3348737,NSE,1,0.05,false,
TRU,2400769,NSE,1,0.01,false,
TRUALT,194357761,NSE,1,0.05,false,
TSFINV,558849,NSE,1,0.05,false,
TTKHLTCARE,2910465,NSE,1,0.05,false,
TTKPRESTIG,907777,NSE,1,0.05,false,
TTL,0,NSE,1,0.05,false,
TTML,2292225,NSE,1,0.01,false,
TVSELECT,2883841,NSE,1,0.05,false,
TVSHLTD,7426049,NSE,1,1.0,false,
TVSMOTOR,2170625,NSE,1,0.1,true,AUTO
TVSSCS,0,NSE,1,0.05,false,
TVSSRICHAK,3646721,NSE,1,0.1,false,
TVTODAY,2886401,NSE,1,0.01,false,
TVVISION,4737025,NSE,1,0.01,false,
UBL,4278529,NSE,1,0.1,false,FMCG
UCAL,913921,NSE,1,0.01,false,
UCOBANK,2873089,NSE,1,0.01,false,PSU_BANK
UDS,4892929,NSE,1,0.01,false,
UEL,6017793,NSE,1,0.01,false,
UFBL,800513,NSE,1,0.01,false,
UFLEX,269569,NSE,1,0.05,false,
UFO,2313985,NSE,1,0.01,false,
UGARSUGAR,5011969,NSE,1,0.01,false,
UGROCAP,1360129,NSE,1,0.01,false,
UJJIVANSFB,3898369,NSE,1,0.01,false,
ULTRACEMCO,2952193,NSE,1,1.0,true,
UMAEXPORTS,0,NSE,1,0.05,false,
UMESLTD,0,NSE,1,0.05,false,
UMIYA-MRO,2303489,NSE,1,0.01,false,
UNICHEMLAB,916225,NSE,1,0.05,false,
UNIDT,51457,NSE,1,0.01,false,
UNIECOM,6351105,NSE,1,0.01,false,
UNIENTER,2891009,NSE,1,0.01,false,
UNIINFO,1994497,NSE,1,0.01,false,
UNIMECH,7413761,NSE,1,0.05,false,
UNIONBANK,2752769,NSE,1,0.01,true,PSU_BANK
UNIPARTS,3342593,NSE,1,0.05,false,
UNITDSPR,2674433,NSE,1,0.1,true,FMCG
UNITECH,920065,NSE,1,0.01,false,
UNITEDPOLY,1935361,NSE,1,0.01,false,
UNITEDTEA,4607745,NSE,1,0.05,false,
UNIVASTU,4858113,NSE,1,0.01,false,
UNIVCABLES,923393,NSE,1,0.05,false,
UNIVPHOTO,0,NSE,1,0.05,false,
UNOMINDA,3623425,NSE,1,0.1,true,AUTO
UPL,2889473,NSE,1,0.05,true,
URAVIDEF,0,NSE,1,0.05,false,
URBANCO,194325505,NSE,1,0.01,false,
URJA,5171969,NSE,1,0.01,false,
USHAMART,2263041,NSE,1,0.05,false,
USK,0,NSE,1,0.05,false,
UTIAMC,134913,NSE,1,0.05,false,
UTKARSHBNK,4443649,NSE,1,0.01,false,
UTLSOLAR,194528257,NSE,1,0.01,false,
UTTAMSUGAR,3424257,NSE,1,0.01,false,
UYFINCORP,6560257,NSE,1,0.01,false,
V2RETAIL,3780097,NSE,1,0.01,false,
VADILALIND,6194177,NSE,1,0.1,false,
VAIBHAVGBL,2909185,NSE,1,0.01,false,
VAISHALI,4246785,NSE,1,0.01,false,
VAKRANGEE,3415553,NSE,1,0.01,false,
VALIANTLAB,4919809,NSE,1,0.01,false,
VALIANTORG,84481,NSE,1,0.01,false,
VARDHACRLC,2872321,NSE,1,0.01,false,
VARDMNPOLY,0,NSE,1,0.05,false,
VARROC,987393,NSE,1,0.05,false,
VASCONEQ,4636161,NSE,1,0.01,false,
VASWANI,6487041,NSE,1,0.01,false,
VBL,4843777,NSE,1,0.05,true,FMCG
VCL,2309121,NSE,1,0.01,false,
VEDL,784129,NSE,1,0.05,true,METAL
VEEDOL,3588865,NSE,1,0.1,false,
VENKEYS,961793,NSE,1,0.1,false,
VENTIVE,7384833,NSE,1,0.05,false,
VENUSPIPES,2455553,NSE,1,0.05,false,
VENUSREM,3547905,NSE,1,0.05,false,
VERANDA,2275841,NSE,1,0.01,false,
VERTOZ,4828929,NSE,1,0.01,false,
VESUVIUS,941057,NSE,1,0.05,false,
VETO,2214913,NSE,1,0.01,false,
VGL,3525377,NSE,1,0.01,false,
VGUARD,3932673,NSE,1,0.05,false,
VHL,3044353,NSE,1,0.1,false,
VHLTD,0,NSE,1,0.05,false,
VIDHIING,3465217,NSE,1,0.05,false,
VIDYAWIRES,194617345,NSE,1,0.01,false,
VIJAYA,1429761,NSE,1,0.05,false,
VIJIFIN,0,NSE,1,0.05,false,
VIKASECO,0,NSE,1,0.05,false,
VIKASLIFE,0,NSE,1,0.05,false,
VIKRAMSOLR,194419969,NSE,1,0.01,false,
VIKRAN,194297089,NSE,1,0.01,false,
VIMTALABS,3353857,NSE,1,0.05,false,
VINATIORGA,4445185,NSE,1,0.1,false,
VINCOFE,6613761,NSE,1,0.01,false,
VINDHYATEL,945665,NSE,1,0.05,false,
VINEETLAB,974593,NSE,1,0.01,false,
VINNY,3197441,NSE,1,0.01,false,
VINYLINDIA,4306177,NSE,1,0.01,false,
VIPCLOTHNG,3799809,NSE,1,0.01,false,
VIPIND,947969,NSE,1,0.05,false,
VIPULLTD,0,NSE,1,0.05,false,
VIRINCHI,0,NSE,1,0.05,false,
VISAKAIND,1080577,NSE,1,0.01,false,
VISASTEEL,3403521,NSE,1,0.01,false,
VISHNU,1768449,NSE,1,0.05,false,
VISHWARAJ,0,NSE,1,0.05,false,
VITAL,0,NSE,1,0.05,false,
VIVIDHA,7648513,NSE,1,0.01,false,
VIVIMEDLAB,0,NSE,1,0.05,false,
VIYASH,3659777,NSE,1,0.01,false,
VLEGOV,0,NSE,1,0.05,false,
VLSFINANCE,951041,NSE,1,0.01,false,
VMART,7496705,NSE,1,0.05,false,
VMM,7160065,NSE,1,0.01,false,
VMSTMT,194342913,NSE,1,0.01,false,
VOLTAMP,3475713,NSE,1,0.5,false,
VOLTAS,951809,NSE,1,0.1,true,
VPRPL,4695297,NSE,1,0.01,false,
VRAJ,6226177,NSE,1,0.01,false,
VRLLOG,2226177,NSE,1,0.01,false,
VSSL,6929153,NSE,1,0.01,false,
VSTIND,953345,NSE,1,0.01,false,
VSTL,5818881,NSE,1,0.01,false,
VSTTILLERS,6218753,NSE,1,0.1,false,
VTL,530689,NSE,1,0.05,false,
WAAREEENER,6632193,NSE,1,0.1,true,
WAAREEINDO,5108481,NSE,1,0.05,false,
WAAREERTL,193545729,NSE,1,0.05,false,
WABAG,5168129,NSE,1,0.1,false,
WAKEFIT,194626305,NSE,1,0.01,false,
WALCHANNAG,956417,NSE,1,0.01,false,
WANBURY,0,NSE,1,0.05,false,
WCIL,6503169,NSE,1,0.01,false,
WEALTH,492289,NSE,1,0.05,false,
WEBELSOLAR,3738113,NSE,1,0.01,false,
WEIZMANIND,959489,NSE,1,0.01,false,
WEL,2005761,NSE,1,0.01,false,
WELCORP,3026177,NSE,1,0.05,false,METAL
WELENT,2976257,NSE,1,0.05,false,
WELINV,5068801,NSE,1,0.1,false,
WELSPUNLIV,2880769,NSE,1,0.01,false,
WENDT,1084161,NSE,1,0.5,false,
WESTLIFE,2964481,NSE,1,0.05,false,
WEWIN,2524673,NSE,1,0.01,false,
WEWORK,194415105,NSE,1,0.05,false,
WHEELS,964097,NSE,1,0.05,false,
WHIRLPOOL,4610817,NSE,1,0.05,false,
WILLAMAGOR,965633,NSE,1,0.01,false,
WINDLAS,1373697,NSE,1,0.05,false,
WINDMACHIN,6392065,NSE,1,0.01,false,
WIPL,5243137,NSE,1,0.01,false,
WIPRO,969473,NSE,1,0.01,true,IT
WOCKPHARMA,1921537,NSE,1,0.1,false,PHARMA
WONDERLA,768513,NSE,1,0.05,false,
WORTHPERI,5702913,NSE,1,0.01,false,
WSI,3795969,NSE,1,0.01,false,
WSTCSTPAPR,972545,NSE,1,0.05,false,
XCHANGING,2996481,NSE,1,0.01,false,
XELPMOC,2170113,NSE,1,0.01,false,
XPROINDIA,2920193,NSE,1,0.1,false,
XTGLOBAL,6460161,NSE,1,0.01,false,
YASHO,4641537,NSE,1,0.1,false,
YATHARTH,4540929,NSE,1,0.05,false,
YATRA,4802561,NSE,1,0.01,false,
YESBANK,3050241,NSE,1,0.01,true,PRIVATE_BANK
YUKEN,1408257,NSE,1,0.05,false,
ZAGGLE,4763649,NSE,1,0.01,false,
ZEEL,975873,NSE,1,0.01,false,
ZEELEARN,5338113,NSE,1,0.01,false,
ZEEMEDIA,0,NSE,1,0.05,false,
ZENITHEXPO,1069057,NSE,1,0.01,false,
ZENITHSTL,3727873,NSE,1,0.01,false,
ZENSARTECH,275457,NSE,1,0.05,false,
ZENTEC,1922049,NSE,1,0.1,false,
ZFCVINDIA,4330241,NSE,1,1.0,false,
ZIMLAB,3170305,NSE,1,0.01,false,
ZODIAC,1825025,NSE,1,0.01,false,
ZODIACLOTH,978177,NSE,1,0.01,false,
ZOTA,2916865,NSE,1,0.1,false,
ZUARI,7436801,NSE,1,0.01,false,
ZUARIIND,979713,NSE,1,0.01,false,
ZYDUSLIFE,2029825,NSE,1,0.05,true,PHARMA
ZYDUSWELL,4514561,NSE,1,0.05,false,
